"tvo","num_voters","num_stations","description","district"
"ТВО №1","158770","94","Центр: місто Сімферополь, Залізничний районТВО включає: Центральний, Залізничний райони в місті Сімферополі","Автономна Республіка Крим"
"ТВО №2","120785","73","Центр: місто  Сімферополь, Київський районТВО включає: Київський район у місті Сімферополі","Автономна Республіка Крим"
"ТВО №3","157628","164","Центр: місто  ДжанкойТВО включає: місто  Джанкой, Джанкойський, Красногвардійський райони","Автономна Республіка Крим"
"ТВО №4","172139","136","Центр: місто  ЄвпаторіяТВО включає: міста Євпаторія, Саки; Сакський район","Автономна Республіка Крим"
"ТВО №5","162740","117","Центр: місто КерчТВО включає: місто Керч; Ленінський район","Автономна Республіка Крим"
"ТВО №6","147054","111","Центр: місто ФеодосіяТВО включає: міста Феодосія, Судак, Кіровський район","Автономна Республіка Крим"
"ТВО №7","144711","105","Центр: місто ЯлтаТВО включає: міста Ялта, Алушта","Автономна Республіка Крим"
"ТВО №8","112963","126","Центр: смт СовєтськийТВО включає: Білогірський, Нижньогірський, Совєтський райони","Автономна Республіка Крим"
"ТВО №9","142324","151","Центр: смт РоздольнеТВО включає: міста Красноперекопськ, Армянськ; Красноперекопський, Первомайський, Роздольненський, Чорноморський райони","Автономна Республіка Крим"
"ТВО №10","189724","160","Центр: місто  СімферопольТВО включає: Сімферопольський,  Бахчисарайський райони","Автономна Республіка Крим"
"ТВО №11","193056","112","Центр: місто ВінницяТВО включає: території колишніх Ленінського та  Староміського районів у місті Вінниці","Вінницька область"
"ТВО №12","152000","115","Центр: місто ВінницяТВО включає: територія колишнього Замостянського району у місті Вінниці; Вінницький район","Вінницька область"
"ТВО №13","152202","236","Центр: місто КалинівкаТВО включає: міста Козятин, Хмільник; Калинівський, Козятинський, Хмільницький райони","Вінницька область"
"ТВО №14","155938","260","Центр: місто ЖмеринкаТВО включає: місто Жмеринка; Барський, Жмеринський, Літинський, Мурованокуриловецький райони","Вінницька область"
"ТВО №15","149362","287","Центр: місто ІллінціТВО включає: Гайсинський, Іллінецький, Липовецький, Оратівський, Погребищенський райони","Вінницька область"
"ТВО №16","162459","236","Центр: місто НемирівТВО включає: Немирівський, Тиврівський, Тульчинський, Шаргородський райони","Вінницька область"
"ТВО №17","154686","202","Центр: смт ТростянецьТВО включає: місто Ладижин; Бершадський, Піщанський, Теплицький, Тростянецький, Чечельницький райони","Вінницька область"
"ТВО №18","155955","214","Центр: місто ЯмпільТВО включає: місто Могилів-Подільський; Крижопільський, Могилів-Подільський, Томашпільський, Чернівецький, Ямпільський райони","Вінницька область"
"ТВО №19","144691","222","Центр: місто Володимир-ВолинськийТВО включає: міста Володимир-Волинський, Нововолинськ; Володимир-Волинський, Іваничівський, Любомльський райони","Волинська область"
"ТВО №20","157614","314","Центр: місто ГорохівТВО включає: Горохівський, Локачинський, Луцький, Рожищенський, Турійський райони","Волинська область"
"ТВО №21","155729","249","Центр: місто КовельТВО включає: місто Ковель; Ковельський, Ратнівський, Старовижівський, Шацький райони","Волинська область"
"ТВО №22","157805","83","Центр: місто ЛуцькТВО включає: місто Луцьк","Волинська область"
"ТВО №23","159943","261","Центр: смт МаневичіТВО включає: Камінь-Каширський, Ківерцівський, Любешівський, Маневицький райони","Волинська область"
"ТВО №24","125981","59","Центр: місто Дніпропетровськ, Амур-Нижньодніпровський районТВО включає: Амур-Нижньодніпровський район у місті Дніпропетровську","Дніпропетровська область"
"ТВО №25","164274","90","Центр: місто Дніпропетровськ, Індустріальний районТВО включає: Індустріальний, Самарський райони в місті Дніпропетровську","Дніпропетровська область"
"ТВО №26","117718","69","Центр: місто Дніпропетровськ, Жовтневий районТВО включає: Жовтневий район у місті Дніпропетровську","Дніпропетровська область"
"ТВО №27","112197","57","Центр: місто Дніпропетровськ, Бабушкінський районТВО включає: Бабушкінський район у місті Дніпропетровську, селище міського типу Авіаторське Дніпропетровської міської ради","Дніпропетровська область"
"ТВО №28","139899","86","Центр: місто Дніпропетровськ, Красногвардійський районТВО включає: Красногвардійський, Кіровський райони в місті Дніпропетровську","Дніпропетровська область"
"ТВО №29","137133","73","Центр: місто Дніпропетровськ, Ленінський районТВО включає: Ленінський район у місті Дніпропетровську","Дніпропетровська область"
"ТВО №30","194455","98","Центр: місто ДніпродзержинськТВО включає: місто Дніпродзержинськ, селище міського типу Карнаухівка; селище Світле Баглійської районної в місті Дніпродзержинську ради","Дніпропетровська область"
"ТВО №31","175110","99","Центр: місто Кривий Ріг, Жовтневий районТВО включає: Жовтневий, Тернівський райони в місті Кривому Розі; селища Гірницьке, Коломійцеве, села Новоіванівка і Тернуватий Кут Криворізької міської ради","Дніпропетровська область"
"ТВО №32","186179","98","Центр: місто Кривий Ріг, Саксаганський районТВО включає:  Саксаганський, Довгинцівський райони міста Кривого Рогу","Дніпропетровська область"
"ТВО №33","165735","99","Центр: місто Кривий Ріг, Дзержинський районТВО включає: Дзержинський, Інгулецький, Центрально-Міський райони в місті Кривому Розі, селище Авангард Криворізької міської ради","Дніпропетровська область"
"ТВО №34","135160","112","Центр: місто ВерхньодніпровськТВО включає: Верхньодніпровський, П'ятихатський райони; міста Вільногірськ, Жовті Води; село Суха Балка Жовтоводської міської ради","Дніпропетровська область"
"ТВО №35","173964","116","Центр: місто НікопольТВО включає: Нікопольський район; міста Марганець, Нікополь; селище міського типу Мар'ївка, селище Максимівка Марганецької міської ради","Дніпропетровська область"
"ТВО №36","193274","144","Центр: місто ПавлоградТВО включає: Павлоградський, Петропавлівський, Юр'ївський райони; міста Павлоград, Першотравенськ, Тернівка; село Зелена Долина Тернівської міської ради","Дніпропетровська область"
"ТВО №37","158155","150","Центр: місто АпостоловеТВО включає: Апостолівський, Криворізький, Софіївський, Широківський райони; місто Орджонікідзе; селища міського типу Гірницьке, Чортомлик Орджонікідзевської міської ради","Дніпропетровська область"
"ТВО №38","181200","161","Центр: смт ЦаричанкаТВО включає: місто Новомосковськ; Магдалинівский, Новомосковський, Петриківський, Царичанський райони","Дніпропетровська область"
"ТВО №39","129713","132","Центр: смт ВасильківкаТВО включає: місто Синельникове; Васильківський, Межівський, Покровський, Синельниківський райони","Дніпропетровська область"
"ТВО №40","148131","133","Центр: смт КриничкиТВО включає: Дніпропетровський, Криничанський, Солонянський, Томаківський райони","Дніпропетровська область"
"ТВО №41","146368","88","Центр: місто Донецьк, Будьоннівський районТВО включає: Будьоннівський, Пролетарський райони в місті Донецьку","Донецька область"
"ТВО №42","127093","80","Центр: місто Донецьк, Ворошиловський районТВО включає: Ворошиловський, Калінінський райони в місті Донецьку","Донецька область"
"ТВО №43","152690","99","Центр: місто Донецьк, Куйбишевський районТВО включає: Куйбишевський, Ленінський райони в місті Донецьку","Донецька область"
"ТВО №44","173378","106","Центр: місто Донецьк, Кіровський районТВО включає: Кіровський, Петровський райони в місті Донецьку","Донецька область"
"ТВО №45","166246","110","Центр: місто Донецьк, Київський районТВО включає: Ясинуватський район; Київський район у місті Донецьку; міста Авдіївка, Ясинувата","Донецька область"
"ТВО №46","153706","153","Центр: місто АртемівськТВО включає: міста Артемівськ, Красний Лиман, Артемівський, Краснолиманський райони","Донецька область"
"ТВО №47","142367","114","Центр: смт ОлександрівкаТВО включає: Слов'янський, Олександрівський райони; місто Слов'янськ","Донецька область"
"ТВО №48","154251","89","Центр: місто КраматорськТВО включає: місто Краматорськ","Донецька область"
"ТВО №49","153667","109","Центр: місто ДобропілляТВО включає: Добропільський район; міста Димитров, Добропілля, Дружківка","Донецька область"
"ТВО №50","161651","137","Центр: місто КрасноармійськТВО включає: Костянтинівський, Красноармійський райони; міста Костянтинівка, Красноармійськ","Донецька область"
"ТВО №51","144676","95","Центр: місто Горлівка, Центрально-Міський районТВО включає: Микитівський, Центрально-Міський райони в місті Горлівці","Донецька область"
"ТВО №52","158003","109","Центр: місто Горлівка, Калінінський районТВО включає: Калінінський район у місті Горлівці; міста Дебальцеве, Дзержинськ","Донецька область"
"ТВО №53","134946","95","Центр: місто ЄнакієвеТВО включає: міста Єнакієве, Жданівка, Кіровське","Донецька область"
"ТВО №54","130933","115","Центр: місто ТорезТВО включає: Шахтарський район; міста Сніжне, Торез","Донецька область"
"ТВО №55","134517","95","Центр: місто ШахтарськТВО включає: міста Харцизьк, Шахтарськ","Донецька область"
"ТВО №56","129467","98","Центр: місто Макіївка, Гірницький районТВО включає: Гірницький, Совєтський райони в місті Макіївці","Донецька область"
"ТВО №57","162346","113","Центр: місто Макіївка, Кіровський  районТВО включає: Кіровський, Центрально-Міський, Червоногвардійський райони в місті Макіївці","Донецька область"
"ТВО №58","167801","116","Центр: місто Маріуполь, Орджонікідзевський районТВО включає: Іллічівський, Орджонікідзевський райони в місті Маріуполі","Донецька область"
"ТВО №59","168676","100","Центр: місто Маріуполь, Жовтневий районТВО включає: Жовтневий, Приморський райони в місті Маріуполі","Донецька область"
"ТВО №60","154867","148","Центр: смт ВеликоновосілківкаТВО включає: Великоновосілківський, Мар'їнський райони; міста Новогродівка, Селидове","Донецька область"
"ТВО №61","142864","123","Центр: місто ВолновахаТВО включає: Волноваський, Володарський, Першотравневий райони; міста Вугледар, Докучаєвськ","Донецька область"
"ТВО №62","129103","140","Центр: селище міського типу СтаробешевеТВО включає: Амвросіївський, Новоазовський, Старобешівський, Тельманівський райони","Донецька область"
"ТВО №63","211252","124","Центр: місто Житомир, Корольовський районТВО включає: Богунський, Корольовський райони в місті Житомирі","Житомирська область"
"ТВО №64","164416","248","Центр: місто БердичівТВО включає: Бердичівський, Любарський, Романівський, Чуднівський райони; місто Бердичів","Житомирська область"
"ТВО №65","164059","305","Центр: місто КоростеньТВО включає: Коростенський, Лугинський, Овруцький, Олевський райони; місто Коростень","Житомирська область"
"ТВО №66","156369","278","Центр: місто Новоград-ВолинськийТВО включає: Баранівський, Ємільчинський, Новоград-Волинський, Червоноармійський райони; місто Новоград-Волинський","Житомирська область"
"ТВО №67","157419","267","Центр: місто МалинТВО включає: Володарсько-Волинський, Коростишівський, Малинський, Народицький, Радомишльський, Черняхівський райони; місто Малин","Житомирська область"
"ТВО №68","141635","237","Центр: місто АндрушівкаТВО включає: Андрушівський, Брусилівський, Житомирський, Попільнянський, Ружинський райони","Житомирська область"
"ТВО №69","154329","143","Центр: місто УжгородТВО включає: Ужгородський район; міста Ужгород, Чоп","Закарпатська область"
"ТВО №70","139512","124","Центр: місто МукачевеТВО включає: Мукачівський район; місто Мукачеве","Закарпатська область"
"ТВО №71","142025","181","Центр: місто СваляваТВО включає: Великоберезнянський, Воловецький, Міжгірський, Перечинський, Свалявський райони","Закарпатська область"
"ТВО №72","171366","127","Центр: місто ХустТВО включає: Іршавський, Хустський райони; місто Хуст","Закарпатська область"
"ТВО №73","195648","116","Центр: місто ТячівТВО включає: Рахівський, Тячівський райони","Закарпатська область"
"ТВО №74","149287","114","Центр: місто БереговеТВО включає: Берегівський, Виноградівський райони; місто Берегове","Закарпатська область"
"ТВО №75","161005","83","Центр: місто Запоріжжя, Комунарський районТВО включає: Жовтневий, Комунарський райони в місті Запоріжжі","Запорізька область"
"ТВО №76","161996","80","Центр: місто Запоріжжя, Ленінський районТВО включає: Заводський, Ленінський райони в місті Запоріжжі","Запорізька область"
"ТВО №77","166727","90","Центр: місто Запоріжжя, Орджонікідзевський районТВО включає: Орджонікідзевський, Хортицький райони в місті Запоріжжі","Запорізька область"
"ТВО №78","121040","64","Центр: місто Запоріжжя, Шевченківський районТВО включає: Шевченківський район у місті Запоріжжі","Запорізька область"
"ТВО №79","160278","139","Центр: місто БердянськТВО включає: Бердянський, Куйбишевський, Розівський, Чернігівський райони; місто Бердянськ","Запорізька область"
"ТВО №80","177625","153","Центр: місто ВасилівкаТВО включає: Василівський, Великобілозерський, Кам'янсько-Дніпровський, Оріхівський райони; місто Енергодар","Запорізька область"
"ТВО №81","165348","112","Центр: місто МелітопольТВО включає: Мелітопольський район; місто Мелітополь","Запорізька область"
"ТВО №82","165901","231","Центр: місто ТокмакТВО включає: Веселівський, Михайлівський, Приазовський, Приморський, Токмацький, Якимівський райони; місто Токмак","Запорізька область"
"ТВО №83","158174","172","Центр: місто ВільнянськТВО включає: Вільнянський, Гуляйпільський, Запорізький, Новомиколаївський, Пологівський райони","Запорізька область"
"ТВО №84","179461","108","Центр: місто Івано-ФранківськТВО включає: місто Івано-Франківськ (з населеними пунктами Івано-Франківської міської ради)","Івано-Франківська область"
"ТВО №85","150122","169","Центр: місто ТлумачТВО включає: Городенківський, Тисменицький, Тлумацький райони","Івано-Франківська область"
"ТВО №86","185761","237","Центр: місто КалушТВО включає: міста Бурштин, Калуш, Галицький, Калуський, Рогатинський райони","Івано-Франківська область"
"ТВО №87","182841","169","Центр: місто ДолинаТВО включає: Богородчанський, Долинський, Рожнятівський райони; місто Болехів (з населеними пунктами Болехівської міської ради)","Івано-Франківська область"
"ТВО №88","124219","116","Центр: місто НадвірнаТВО включає: Верховинський, Надвірнянський райони; місто Яремче (з населеними пунктами Яремчанської міської ради)","Івано-Франківська область"
"ТВО №89","126192","115","Центр: місто КоломияТВО включає: Коломийський район; місто Коломия","Івано-Франківська область"
"ТВО №90","120912","120","Центр: місто СнятинТВО включає: Косівський, Снятинський райони","Івано-Франківська область"
"ТВО №91","200253","155","Центр: місто Біла ЦеркваТВО включає: Білоцерківський район; місто Біла Церква","Київська область"
"ТВО №92","102836","114","Центр: місто ФастівТВО включає:  місто Фастів, Макарівський, Фастівський райони","Київська область"
"ТВО №93","121004","179","Центр: смт ВолодаркаТВО включає: Володарський, Сквирський, Ставищенський, Таращанський, Тетіївський райони","Київська область"
"ТВО №94","119807","161","Центр: місто МиронівкаТВО включає: місто Ржищів, Богуславський, Кагарлицький, Миронівський, Рокитнянський райони","Київська область"
"ТВО №95","150276","135","Центр: місто ОбухівТВО включає: міста Васильків, Обухів, Васильківський, Обухівський райони","Київська область"
"ТВО №96","222560","137","Центр: село Чайки, Києво-Святошинський районТВО включає: міста Буча, Ірпінь, Києво-Святошинський район","Київська область"
"ТВО №97","136108","175","Центр: місто ІванківТВО включає: Бородянський, Вишгородський, Іванківський, Поліський райони","Київська область"
"ТВО №98","204328","149","Центр: місто БровариТВО включає: міста Березань, Бровари, Славутич; Баришівський, Броварський райони","Київська область"
"ТВО №99","190841","201","Центр: місто БориспільТВО включає: міста Бориспіль, Переяслав-Хмельницький, Бориспільський, Згурівський, Переяслав-Хмельницький, Яготинський райони","Київська область"
"ТВО №100","193146","124","Центр: місто КіровоградТВО включає: місто  Кіровоград","Кіровоградська область"
"ТВО №101","135381","224","Центр: місто БобринецьТВО включає: Бобринецький, Кіровоградський, Компаніївський, Маловисківський, Новоукраїнський, Устинівський райони","Кіровоградська область"
"ТВО №102","130149","186","Центр: смт ГолованівськТВО включає: Вільшанський, Гайворонський, Голованівський, Добровеличківський, Новоархангельський, Ульяновський райони","Кіровоградська область"
"ТВО №103","160035","208","Центр: місто СвітловодськТВО включає: міста Знам'янка, Світловодськ, Знам'янський, Новомиргородський, Олександрівський, Онуфріївський, Світловодський райони","Кіровоградська область"
"ТВО №104","154059","187","Центр: місто ОлександріяТВО включає: місто Олександрія, Долинський, Новгородківський, Олександрійський, Петрівський райони","Кіровоградська область"
"ТВО №105","155122","88","Центр: місто Луганськ, Артемівський районТВО включає: Артемівський, Кам'янобрідський райони в місті Луганську","Луганська область"
"ТВО №106","145903","83","Центр: місто Луганськ, Жовтневий районТВО включає: Жовтневий район у місті Луганську","Луганська область"
"ТВО №107","124807","85","Центр: місто АлчевськТВО включає: міста Алчевськ, Брянка (з населеними пунктами Брянківської міської ради)","Луганська область"
"ТВО №108","164258","151","Центр: місто КраснодонТВО включає: Краснодонський район; місто Краснодон (з населеними пунктами Краснодонської міської ради); Ленінський район у місті Луганську","Луганська область"
"ТВО №109","154233","142","Центр: місто Красний ЛучТВО включає: Перевальський район; місто Красний Луч (з населеними пунктами Краснолуцької міської ради)","Луганська область"
"ТВО №110","152536","109","Центр: місто ЛисичанськТВО включає: Попаснянський район; міста Кіровськ (з населеними пунктами Кіровської міської ради), Лисичанськ (з населеними пунктами Лисичанської міської ради)","Луганська область"
"ТВО №111","140007","135","Центр: місто АнтрацитТВО включає: Антрацитівський, Лутугінський райони; місто Антрацит","Луганська область"
"ТВО №112","154140","123","Центр: місто СвердловськТВО включає: Свердловський район; міста Свердловськ (з населеними пунктами Свердловської міської ради), Ровеньки (з населеними пунктами Ровеньківської міської ради)","Луганська область"
"ТВО №113","142828","73","Центр: місто РубіжнеТВО включає: міста Рубіжне, Сєвєродонецьк (з населеними пунктами Сєвєродонецької міської ради)","Луганська область"
"ТВО №114","150540","197","Центр: смт БіловодськТВО включає: Біловодський, Марківський, Міловський, Новопсковський, Слов'яносербський, Станично-Луганський райони","Луганська область"
"ТВО №115","154285","200","Центр: місто СватовеТВО включає: Білокуракінський, Кремінський, Новоайдарський, Сватівський, Старобільський, Троїцький райони","Луганська область"
"ТВО №116","133214","90","Центр: місто СтахановТВО включає: міста Первомайськ (з населеними пунктами Первомайської міської ради), Стаханов (з населеними пунктами Стахановської міської ради)","Луганська область"
"ТВО №117","153663","78","Центр: місто Львів, Залізничний районТВО включає: Галицький, Залізничний райони в місті Львові","Львівська область"
"ТВО №118","118284","60","Центр: місто Львів, Сихівський районТВО включає: Сихівський район в місті Львові","Львівська область"
"ТВО №119","110204","59","Центр: місто Львів, Франківський районТВО включає: Франківський район у місті Львові","Львівська область"
"ТВО №120","207126","111","Центр: місто Львів, Личаківський районТВО включає: Личаківський, Шевченківський райони в місті Львові","Львівська область"
"ТВО №121","172113","196","Центр: місто СокальТВО включає: Радехівський, Сокальський райони;  місто Червоноград","Львівська область"
"ТВО №122","127436","157","Центр: місто ЖовкваТВО включає: Жовківський, Кам'янка-Бузький райони","Львівська область"
"ТВО №123","172151","325","Центр: місто ЗолочівТВО включає: Бродівський, Буський, Золочівський, Перемишлянський райони","Львівська область"
"ТВО №124","194313","277","Центр: місто ЯворівТВО включає: Городоцький, Мостиський, Яворівський райони","Львівська область"
"ТВО №125","161612","175","Центр: місто ПустомитиТВО включає: Миколаївський, Пустомитівський райони; місто Новий Розділ","Львівська область"
"ТВО №126","178239","291","Центр: місто СамбірТВО включає: Самбірський, Старосамбірський, Турківський райони; місто Самбір","Львівська область"
"ТВО №127","174703","144","Центр: місто ДрогобичТВО включає: Дрогобицький район; міста Борислав, Дрогобич, Трускавець","Львівська область"
"ТВО №128","188551","278","Центр: місто СтрийТВО включає: міста Моршин, Стрий; Жидачівський, Сколівський, Стрийський райони","Львівська область"
"ТВО №129","203350","126","Центр: місто Миколаїв, Центральний районТВО включає: Заводський, Центральний райони в місті Миколаєві","Миколаївська область"
"ТВО №130","169312","91","Центр: місто Миколаїв, Ленінський районТВО включає: Корабельний, Ленінський райони в місті Миколаєві","Миколаївська область"
"ТВО №131","159691","235","Центр: місто БаштанкаТВО включає: Баштанський, Березнегуватський, Жовтневий, Казанківський, Новобузький, Снігурівський райони","Миколаївська область"
"ТВО №132","116770","167","Центр: місто МиколаївТВО включає: Березанський, Веселинівський, Миколаївський, Новоодеський, Очаківський райони; місто Очаків","Миколаївська область"
"ТВО №133","135751","159","Центр: місто ВознесенськТВО включає: Вознесенський, Врадіївський, Доманівський, Єланецький райони; міста Вознесенськ, Южноукраїнськ","Миколаївська область"
"ТВО №134","130472","161","Центр: місто ПервомайськТВО включає: Арбузинський, Братський, Кривоозерський, Первомайський райони; місто Первомайськ","Миколаївська область"
"ТВО №135","173945","86","Центр: місто Одеса, Київський районТВО включає: Київський район у місті Одесі","Одеська область"
"ТВО №136","175911","87","Центр: місто Одеса, Малиновський районТВО включає: Малиновський район у місті Одесі","Одеська область"
"ТВО №137","175867","98","Центр: місто Одеса, Приморський районТВО включає: Приморський район у місті Одесі","Одеська область"
"ТВО №138","191930","95","Центр: місто Одеса, Суворовський районТВО включає: Суворовський район у місті Одесі","Одеська область"
"ТВО №139","124952","183","Центр: місто КотовськТВО включає: місто Котовськ; Балтський, Кодимський, Котовський, Красноокнянський райони","Одеська область"
"ТВО №140","130722","194","Центр: місто АнаньївТВО включає: Ананьївський, Великомихайлівський, Любашівський, Миколаївський, Савранський, Фрунзівський, Ширяївський райони","Одеська область"
"ТВО №141","165297","181","Центр: смт ІванівкаТВО включає: місто Южне, Березівський, Іванівський, Комінтернівський, Роздільнянський райони","Одеська область"
"ТВО №142","202280","131","Центр: місто БіляївкаТВО включає: Біляївський, Овідіопольський райони; міста Іллічівськ, Теплодар","Одеська область"
"ТВО №143","159256","159","Центр: місто Білгород-ДністровськийТВО включає: Білгород-Дністровський, Саратський, Татарбунарський райони; місто Білгород-Дністровський (з населеними пунктами Білгород-Дністровської міської ради)","Одеська область"
"ТВО №144","153807","133","Центр: місто АрцизТВО включає: Арцизький, Болградський, Ренійський, Тарутинський райони","Одеська область"
"ТВО №145","145019","127","Центр: місто ІзмаїлТВО включає: Ізмаїльський, Кілійський райони; місто Ізмаїл","Одеська область"
"ТВО №146","128373","75","Центр: місто Полтава, Ленінський районТВО включає: Київський, Ленінський райони в місті Полтаві","Полтавська область"
"ТВО №147","160294","117","Центр: місто Полтава, Октябрський районТВО включає: Полтавський район; Октябрський район у місті Полтаві","Полтавська область"
"ТВО №148","173859","98","Центр: місто Кременчук, Автозаводський районТВО включає: Автозаводський, Крюківський райони в місті Кременчук","Полтавська область"
"ТВО №149","138852","208","Центр: місто ЛубниТВО включає: Лубенський, Оржицький, Семенівський, Хорольський райони; місто Лубни","Полтавська область"
"ТВО №150","157555","212","Центр: місто МиргородТВО включає: Великобагачанський, Диканський, Зіньківський, Котелевський, Миргородський, Шишацький райони; місто Миргород","Полтавська область"
"ТВО №151","135546","144","Центр: місто ГлобинеТВО включає: Глобинський, Козельщинський, Кременчуцький райони; місто Комсомольськ","Полтавська область"
"ТВО №152","151962","226","Центр: місто КарлівкаТВО включає: Карлівський, Кобеляцький, Машівський, Новосанжарський, Решетилівський,  Чутівський райони","Полтавська область"
"ТВО №153","135807","193","Центр: місто ЛохвицяТВО включає: Гадяцький, Гребінківський, Лохвицький, Пирятинський, Чорнухинський райони","Полтавська область"
"ТВО №154","186301","104","Центр: місто РівнеТВО включає: місто Рівне","Рівненська область"
"ТВО №155","157972","221","Центр: смт ГощаТВО включає: Гощанський, Корецький, Острозький, Рівненський райони; місто Острог","Рівненська область"
"ТВО №156","178498","263","Центр: місто ДубноТВО включає: Демидівський, Дубенський, Здолбунівський, Млинівський, Радивилівський райони; місто Дубно","Рівненська область"
"ТВО №157","174249","212","Центр: місто ДубровицяТВО включає: Володимирецький, Дубровицький, Зарічненський, Рокитнівський райони; місто Кузнецовськ","Рівненська область"
"ТВО №158","169204","200","Центр: місто СарниТВО включає: Березнівський, Костопільський, Сарненський райони","Рівненська область"
"ТВО №159","236963","133","Центр: місто Суми, Зарічний районТВО включає: Зарічний, Ковпаківський райони в місті Сумах","Сумська область"
"ТВО №160","125568","161","Центр: місто СумиТВО включає: Білопільський, Лебединський, Сумський райони; місто Лебедин","Сумська область"
"ТВО №161","156786","183","Центр: місто ШосткаТВО включає: Глухівський, Середино-Будський, Шосткинський, Ямпільський райони; міста Глухів, Шостка","Сумська область"
"ТВО №162","144783","162","Центр: місто КонотопТВО включає: Конотопський, Кролевецький, Путивльський райони; місто Конотоп","Сумська область"
"ТВО №163","129000","199","Центр: місто РомниТВО включає: Буринський, Липоводолинський, Недригайлівський, Роменський райони; місто Ромни","Сумська область"
"ТВО №164","127758","169","Центр: місто ОхтиркаТВО включає: Великописарівський, Краснопільський, Охтирський, Тростянецький райони; місто Охтирка","Сумська область"
"ТВО №165","180346","90","Центр: місто ТернопільТВО включає: місто Тернопіль","Тернопільська область"
"ТВО №166","180666","321","Центр: місто ЗбаражТВО включає: Збаразький, Кременецький, Лановецький, Підволочиський, Шумський райони","Тернопільська область"
"ТВО №167","162998","291","Центр: місто ЗборівТВО включає: Бережанський, Зборівський, Козівський, Підгаєцький, Тернопільський райони","Тернопільська область"
"ТВО №168","172247","271","Центр: місто ТеребовляТВО включає: Бучацький, Гусятинський, Монастириський, Теребовлянський райони","Тернопільська область"
"ТВО №169","152292","210","Центр: місто ЧортківТВО включає: Борщівський, Заліщицький, Чортківський райони, місто Чортків","Тернопільська область"
"ТВО №170","162450","88","Центр: місто Харків, Дзержинський районТВО включає: Дзержинський район у місті Харкові","Харківська область"
"ТВО №171","144015","87","Центр: місто Харків, Київський районТВО включає: Київський район у місті Харкові","Харківська область"
"ТВО №172","225139","118","Центр: місто Харків, Московський районТВО включає: Московський район у місті Харкові","Харківська область"
"ТВО №173","179449","99","Центр: місто Харків, Фрунзенський районТВО включає: Ленінський, Фрунзенський райони в місті Харкові","Харківська область"
"ТВО №174","119280","59","Центр: місто Харків, Орджонікідзевський районТВО включає: Орджонікідзевський район у місті Харкові","Харківська область"
"ТВО №175","111610","61","Центр: місто Харків, Комінтернівський районТВО включає: Комінтернівський район у місті Харкові","Харківська область"
"ТВО №176","158118","95","Центр: місто Харків, Червонозаводський районТВО включає: Жовтневий, Червонозаводський райони в місті Харкові","Харківська область"
"ТВО №177","159264","160","Центр: місто ДергачіТВО включає: Богодухівський, Дергачівський, Золочівський, Краснокутський райони","Харківська область"
"ТВО №178","147046","157","Центр: місто ЧугуївТВО включає: Великобурлуцький, Вовчанський, Дворічанський, Печенізький, Чугуївський райони; місто Чугуїв","Харківська область"
"ТВО №179","154960","167","Центр: місто Куп'янськТВО включає: Борівський, Ізюмський, Куп'янський, Шевченківський райони; міста Ізюм, Куп'янськ","Харківська область"
"ТВО №180","147958","140","Центр: місто БалакліяТВО включає: Балаклійський, Барвінківський, Зміївський райони","Харківська область"
"ТВО №181","149119","174","Центр: місто ЛозоваТВО включає: Близнюківський, Лозівський, Первомайський, Сахновщинський райони; міста Лозова, Первомайський","Харківська область"
"ТВО №182","125322","164","Центр: місто КрасноградТВО включає: Валківський, Зачепилівський, Кегичівський, Коломацький, Красноградський, Нововодолазький райони","Харківська область"
"ТВО №183","166061","120","Центр: смт Пісочин, Харківський районТВО включає: Харківський район; місто Люботин","Харківська область"
"ТВО №184","149585","95","Центр: місто Херсон, Комсомольський районТВО включає: Білозерський район; Комсомольський район у місті Херсоні (з населеними пунктами Комсомольської районної в місті Херсоні ради)","Херсонська область"
"ТВО №185","176355","108","Центр: місто Херсон, Дніпровський район, Суворовський районТВО включає: Дніпровський, Суворовський райони в місті Херсоні (з населеними пунктами Дніпровської та Суворовської районних у місті Херсоні рад)","Херсонська область"
"ТВО №186","144935","153","Центр: місто Нова КаховкаТВО включає: Бериславський, Великоолександрівський, Високопільський, Нововоронцовський райони; місто Нова Каховка (з населеними пунктами Новокаховської міської ради)","Херсонська область"
"ТВО №187","158077","148","Центр: місто ЦюрупинськТВО включає: Голопристанський, Каланчацький, Скадовський, Цюрупинський райони, місто Гола Пристань","Херсонська область"
"ТВО №188","109102","131","Центр: місто КаховкаТВО включає: Великолепетиський, Верхньорогачицький, Горностаївський, Каховський, Нижньосірогозький райони; місто Каховка","Херсонська область"
"ТВО №189","113975","140","Центр: смт НовотроїцькеТВО включає: Генічеський, Іванівський, Новотроїцький, Чаплинський райони","Херсонська область"
"ТВО №190","203933","113","Центр: місто ХмельницькийТВО включає: місто Хмельницький","Хмельницька область"
"ТВО №191","124558","267","Центр: смт ТеофіпольТВО включає: Білогірський, Волочиський, Ізяславський, Теофіпольський райони","Хмельницька область"
"ТВО №192","135678","293","Центр: місто ДеражняТВО включає: Деражнянський, Летичівський, Старосинявський, Хмельницький, Ярмолинецький райони","Хмельницька область"
"ТВО №193","165175","225","Центр: місто Кам'янець-ПодільськийТВО включає: місто Кам'янець-Подільський; Кам'янець-Подільський, Чемеровецький райони","Хмельницька область"
"ТВО №194","135541","240","Центр: місто ДунаївціТВО включає: Віньковецький, Городоцький, Дунаєвецький, Новоушицький райони","Хмельницька область"
"ТВО №195","141923","185","Центр: місто СлавутаТВО включає: міста Нетішин, Славута, Шепетівка; Славутський, Шепетівський райони","Хмельницька область"
"ТВО №196","133842","230","Центр: місто СтарокостянтинівТВО включає: місто Старокостянтинів; Красилівський, Полонський, Старокостянтинівський райони","Хмельницька область"
"ТВО №197","175753","104","Центр: місто Черкаси, Придніпровський районТВО включає: Черкаський район, Придніпровський район у місті Черкасах","Черкаська область"
"ТВО №198","117083","72","Центр: місто Черкаси, Соснівський районТВО включає: Соснівський район у місті Черкасах","Черкаська область"
"ТВО №199","126380","173","Центр: місто ГородищеТВО включає: Городищенський, Корсунь-Шевченківський, Лисянський, Шполянський райони","Черкаська область"
"ТВО №200","161595","232","Центр: місто ЗолотоношаТВО включає: Драбівський, Золотоніський, Канівський, Чорнобаївський райони; міста Золотоноша, Канів","Черкаська область"
"ТВО №201","131483","136","Центр: місто СмілаТВО включає: місто Сміла, Кам'янський, Смілянський, Чигиринський райони","Черкаська область"
"ТВО №202","158777","215","Центр: місто ТальнеТВО включає: місто Ватутіне, Жашківський, Звенигородський, Катеринопільський, Маньківський, Тальнівський райони","Черкаська область"
"ТВО №203","156273","171","Центр: місто УманьТВО включає: місто Умань, Монастирищенський, Уманський, Христинівський райони","Черкаська область"
"ТВО №204","184618","115","Центр: місто ЧернівціТВО включає: місто Чернівці","Чернівецька область"
"ТВО №205","194757","178","Центр: місто СторожинецьТВО включає:  Сторожинецький, Вижницький, Кіцманський, Путильський райони","Чернівецька область"
"ТВО №206","146002","113","Центр: місто НовоселицяТВО включає: Герцаївський, Глибоцький, Новоселицький райони","Чернівецька область"
"ТВО №207","173522","155","Центр: місто ХотинТВО включає: місто Новодністровськ, Хотинський, Заставнівський, Сокирянський, Кельменецький райони","Чернівецька область"
"ТВО №208","226122","127","Центр: місто Чернігів (Новозаводський район, Деснянський район)ТВО включає: Деснянський, Новозаводський райони в місті Чернігові","Чернігівська область"
"ТВО №209","112637","207","Центр: смт РіпкиТВО включає: Городнянський, Ріпкинський, Чернігівський, Щорський райони","Чернігівська область"
"ТВО №210","108652","176","Центр: смт КозелецьТВО включає: Бобровицький, Козелецький, Куликівський, Носівський райони","Чернігівська область"
"ТВО №211","149233","162","Центр: місто НіжинТВО включає: місто Ніжин, Бахмацький, Борзнянський, Ніжинський райони","Чернігівська область"
"ТВО №212","141758","207","Центр: місто ПрилукиТВО включає: місто Прилуки, Варвинський, Ічнянський, Прилуцький, Срібнянський, Талалаївський райони","Чернігівська область"
"ТВО №213","127878","225","Центр: смт СосницяТВО включає: Коропський, Корюківський, Менський, Новгород-Сіверський, Семенівський, Сосницький райони, місто Новгород-Сіверський","Чернігівська область"
"ТВО №214","169663","86","Центр: місто Київ, Голосіївський районТВО включає: Голосіївський район у місті Києві","м.Київ"
"ТВО №215","277445","136","Центр: місто Київ, Дарницький районТВО включає: Дарницький район  у місті Києві","м.Київ"
"ТВО №216","285357","135","Центр: місто Київ, Деснянський районТВО включає:  Деснянський район  у місті Києві","м.Київ"
"ТВО №217","265349","129","Центр: місто Київ, Дніпровський районТВО включає: Дніпровський район  у місті Києві","м.Київ"
"ТВО №218","227687","112","Центр: місто Київ, Оболонський районТВО включає: Оболонський район у місті Києві","м.Київ"
"ТВО №219","89769","50","Центр: місто Київ, Печерський районТВО включає: Печерський район у місті Києві","м.Київ"
"ТВО №220","145380","72","Центр: місто Київ, Подільський районТВО включає: Подільський район у місті Києві","м.Київ"
"ТВО №221","254999","126","Центр: місто Київ, Святошинський районТВО включає: Святошинський район у місті Києві","м.Київ"
"ТВО №222","245893","132","Центр: місто Київ, Солом'янський районТВО включає: Солом'янський район у місті Києві","м.Київ"
"ТВО №223","176219","108","Центр: місто Київ, Шевченківський районТВО включає: Шевченківський район у місті Києві","м.Київ"
"ТВО №224","137915","87","Центр: місто Севастополь, Гагарінський районТВО включає: Балаклавський, Гагарінський райони в місті Севастополі (з населеними пунктами Балаклавської районної в місті Севастополі ради)","м.Севастополь"
"ТВО №225","163891","106","Центр: місто Севастополь, Ленінський районТВО включає: Ленінський, Нахімовський райони в місті Севастополі (з населеними пунктами Нахімовської районної в місті Севастополі ради)","м.Севастополь"
