tvo,num_voters,num_stations,description
ОВО №1,162822,95,"Центр: місто Сімферополь, Центральний районОВО включає: Залізничний район міста Сімферополя з населеними пунктами Залізничної районної в місті Сімферополі ради, Центральний район міста Сімферополя"
ОВО №2,150497,98,"Центр: місто Сімферополь, Київський районОВО включає: Київський район міста Сімферополя з населеними пунктами Київської районної в місті Сімферополі ради, частина Сімферопольського району (виборчі дільниці № 010583 – 010595, 010601 – 010603, 010631 –010637, 010647, 010648)"
ОВО №3,160311,165,"Центр: місто ДжанкойОВО включає: місто Джанкой, Джанкойський, Красногвардійський райони"
ОВО №4,176570,137,"Центр: місто ЄвпаторіяОВО включає: міста Євпаторія з населеними пунктами Євпаторійської міської ради, Саки, Сакський район"
ОВО №5,143545,103,"Центр: місто КерчОВО включає: місто Керч, частина Ленінського району (виборчі дільниці № 010346 – 010356, 010358, 010360 – 010363, 010365, 010366, 010370 –010374, 010379 – 010385)"
ОВО №6,149453,111,"Центр: місто ФеодосіяОВО включає: місто Феодосія з населеними пунктами Феодосійської міської ради, Кіровський район, частина Ленінського району (виборчі дільниці № 010343 – 010345, 010357, 010359, 010364, 010367 – 010369, 010375 –010378, 010386 – 010394)"
ОВО №7,149101,105,"Центр: місто ЯлтаОВО включає: міста Алушта, Ялта з населеними пунктами Алуштинської та Ялтинської міських рад"
ОВО №8,145241,154,"Центр: селище міського типу СовєтськийОВО включає: місто Судак з населеними пунктами Судацької міської ради, Білогірський, Нижньогірський, Совєтський райони, частина Сімферопольського району (виборчі дільниці № 010608, 010609, 010612 – 010614)"
ОВО №9,144121,153,"Центр: селище міського типу ПервомайськеОВО включає: міста Армянськ з населеними пунктами Армянської міської ради, Красноперекопськ, Красноперекопський, Первомайський, Роздольненський, Чорноморський райони"
ОВО №10,159391,130,"Центр: місто СімферопольОВО включає: Бахчисарайський район, частина Сімферопольського району (виборчі дільниці № 010564 – 010582, 010596 – 010600, 010604 – 010607, 010610, 010611, 010615 – 010630, 010638 – 010646)"
ОВО №11,169839,110,"Центр: місто ВінницяОВО включає: частина міста Вінниці (виборчі дільниці № 051477 – 051547, 051575 – 051586), частина Вінницького району (виборчі дільниці № 050130 –050137, 050145, 050149, 050154 – 050156, 050161, 050162, 050164 – 050167, 050185 – 050192)"
ОВО №12,177016,115,"Центр: місто ВінницяОВО включає: частина міста Вінниці (виборчі дільниці № 051435 – 051476, 051548 –051574, 051587 – 051590), частина Вінницького району (виборчі дільниці № 050125 – 050129, 050138 – 050144, 050146 – 050148, 050150 –050153, 050157 – 050160, 050163, 050168 – 050184)"
ОВО №13,154763,238,"Центр: місто КалинівкаОВО включає: міста Козятин, Хмільник, Калинівський, Козятинський, Хмільницький райони"
ОВО №14,172043,275,"Центр: місто ЖмеринкаОВО включає: місто Жмеринка, Барський, Жмеринський, Літинський, Тиврівський райони"
ОВО №15,159659,215,"Центр: місто ШаргородОВО включає: Мурованокуриловецький, Томашпільський, Тульчинський, Чернівецький, Шаргородський райони"
ОВО №16,148955,202,"Центр: місто ЯмпільОВО включає: місто Могилів-Подільський, Крижопільський, Могилів-Подільський, Піщанський, Чечельницький, Ямпільський райони"
ОВО №17,169214,217,"Центр: місто ЛадижинОВО включає: місто Ладижин, Бершадський, Гайсинський, Теплицький, Тростянецький райони"
ОВО №18,145559,298,"Центр: місто ІллінціОВО включає: Іллінецький, Липовецький, Немирівський, Оратівський, Погребищенський райони"
ОВО №19,147096,222,"Центр: місто Володимир-ВолинськийОВО включає: міста Володимир-Волинський, Нововолинськ, Володимир-Волинський, Іваничівський, Любомльський райони"
ОВО №20,158789,314,"Центр: місто ГорохівОВО включає: Горохівський, Локачинський, Луцький, Рожищенський, Турійський райони"
ОВО №21,157145,249,"Центр: місто КовельОВО включає: місто Ковель, Ковельський, Ратнівський, Старовижівський, Шацький райони"
ОВО №22,161392,83,Центр: місто ЛуцькОВО включає: місто Луцьк
ОВО №23,160318,260,"Центр: селище міського типу МаневичіОВО включає: Камінь-Каширський, Ківерцівський, Любешівський, Маневицький райони"
ОВО №24,162017,87,"Центр: місто Дніпропетровськ, Самарський районОВО включає: Індустріальний район, частина Самарського району міста Дніпропетровська виборчі дільниці № 121444 – 121463, 121467 – 121479, 121481)"
ОВО №25,149441,82,"Центр: місто Дніпропетровськ, Красногвардійський районОВО включає: частина Амур-Нижньодніпровського району (виборчі дільниці № 121063, 121064, 121071 – 121077, 121084, 121087 – 121103), Красногвардійський район міста Дніпропетровська"
ОВО №26,148386,77,"Центр: місто Дніпропетровськ, Бабушкінський районОВО включає: Бабушкінський район, частина Кіровського району міста Дніпропетровська (виборчі дільниці № 121286 – 121298, 121310 – 121315), селище міського типу Авіаторське Дніпропетровської міської ради"
ОВО №27,152690,87,"Центр: місто Дніпропетровськ, Жовтневий районОВО включає: Жовтневий район, частина Кіровського (виборчі дільниці № 121299 – 121309, 121316, 121317), частина Самарського (виборчі дільниці № 121464 – 121466, 121480) районів міста Дніпропетровська"
ОВО №28,149625,77,"Центр: місто Дніпропетровськ, Ленінський районОВО включає: Ленінський район міста Дніпропетровська, частина Амур-Нижньодніпровського району (виборчі дільниці № 121059 – 121062)"
ОВО №29,147651,86,"Центр: Дніпропетровський район, селище міського типу ЮвілейнеОВО включає: частина Амур-Нижньодніпровського району міста Дніпропетровська (виборчі дільниці № 121046 – 121058, 121065 – 121070, 121078 – 121083, 121085, 121086, 121104), Дніпропетровський, Петриківський райони"
ОВО №30,168697,84,"Центр: місто Дніпродзержинськ, Заводський районОВО включає: Баглійський, Дніпровський райони, частина Заводського району міста Дніпродзержинська (виборчі дільниці № 121012 – 121021, 121028, 121030, 121036 – 121038, 121040 – 121043)"
ОВО №31,178910,97,"Центр: місто Кривий Ріг, Жовтневий районОВО включає: Жовтневий район, частина Тернівського району міста Кривого Рогу (виборчі дільниці № 121694 – 121728, 121730 – 121733), селища Гірницьке, Коломійцеве, села Новоіванівка, Тернуватий Кут Криворізької міської ради"
ОВО №32,178619,92,"Центр: місто Кривий Ріг, Довгинцівський районОВО включає: Довгинцівський район, частина Саксаганського району міста Кривого Рогу (виборчі дільниці № 121638 – 121683, 121690 – 121693)"
ОВО №33,155714,89,"Центр: місто Кривий Ріг, Центрально-Міський районОВО включає: Дзержинський район, частина Інгулецького (виборчі дільниці № 121611 – 121619, 121636), частина Саксаганського (виборчі дільниці № 121684 – 121689) районів, Центрально-Міський район міста Кривого Рогу, селище Авангард Криворізької міської ради"
ОВО №34,161167,135,"Центр: селище міського типу ЦаричанкаОВО включає: міста Вільногірськ, Жовті Води, Верхньодніпровський, П’ятихатський, Царичанський райони"
ОВО №35,176011,113,"Центр: місто НікопольОВО включає: міста Нікополь, Орджонікідзе, Нікопольський район"
ОВО №36,162105,103,"Центр: місто ПавлоградОВО включає: міста Павлоград, Першотравенськ, Тернівка, Павлоградський район"
ОВО №37,157546,147,"Центр: місто Кривий РігОВО включає: частина Інгулецького (виборчі дільниці № 121620 – 121635, 121637), частина Тернівського (виборча дільниця № 121729) районів міста Кривого Рогу, Апостолівський, Криворізький, Софіївський, Широківський райони"
ОВО №38,153739,138,"Центр: місто НовомосковськОВО включає: місто Новомосковськ, Магдалинівський, Новомосковський, Юр’ївський райони"
ОВО №39,157614,159,"Центр: селище міського типу ВасильківкаОВО включає: місто Синельникове, Васильківський, Межівський, Петропавлівський, Покровський, Синельниківський райони"
ОВО №40,152691,128,"Центр: селище міського типу КриничкиОВО включає: місто Марганець, частина Заводського району міста Дніпродзержинська (виборчі дільниці № 121022 – 121027, 121029, 121031 –121035, 121039, 121044, 121045), Криничанський, Солонянський, Томаківський райони"
ОВО №41,151531,88,"Центр: місто Донецьк, Будьонівський районОВО включає: Будьонівський, Пролетарський райони міста Донецька"
ОВО №42,147740,88,"Центр: місто Донецьк, Ворошиловський районОВО включає: Ворошиловський, Калінінський райони, частина Куйбишевського району міста Донецька (виборчі дільниці № 141833, 141836 – 141842)"
ОВО №43,157224,97,"Центр: місто Донецьк, Ленінський районОВО включає: Ленінський район, частина Кіровського (виборчі дільниці № 141805 – 141811), частина Куйбишевського (виборчі дільниці № 141827 –141832, 141834, 141835, 141843 – 141871, 141873, 141874) районів міста Донецька"
ОВО №44,162108,99,"Центр: місто Донецьк, Кіровський районОВО включає: Петровський район, частина Кіровського району міста Донецька (виборчі дільниці № 141763 – 141804, 141812 – 141826)"
ОВО №45,173330,110,"Центр: місто Донецьк, Київський районОВО включає: міста Авдіївка, Ясинувата, Київський район міста Донецька, Ясинуватський район"
ОВО №46,159132,153,"Центр: місто АртемівськОВО включає: міста Артемівськ, Красний Лиман, Артемівський район"
ОВО №47,148931,114,"Центр: місто Слов’янськОВО включає: місто Слов’янськ, Олександрівський, Слов’янський райони"
ОВО №48,158942,89,Центр: місто КраматорськОВО включає: місто Краматорськ
ОВО №49,161596,131,"Центр: місто КостянтинівкаОВО включає: міста Дружківка, Костянтинівка, Костянтинівський, Красноармійський райони"
ОВО №50,168246,119,"Центр: місто КрасноармійськОВО включає: міста Димитров, Добропілля, Красноармійськ, Добропільський район"
ОВО №51,150387,96,"Центр: місто Горлівка, Центрально-Міський районОВО включає: Микитівський, Центрально-Міський райони міста Горлівки"
ОВО №52,165878,111,"Центр: місто ДзержинськОВО включає: міста Дебальцеве, Дзержинськ, Калінінський район міста Горлівки"
ОВО №53,174275,117,"Центр: місто ЄнакієвеОВО включає: міста Єнакієве, Торез"
ОВО №54,155520,124,"Центр: місто ШахтарськОВО включає: міста Харцизьк, Шахтарськ, Шахтарський район"
ОВО №55,166118,120,"Центр: місто Макіївка, Гірницький районОВО включає: міста Жданівка, Кіровське, Гірницький, Совєтський райони міста Макіївки"
ОВО №56,168769,114,"Центр: місто Макіївка, Центрально-Міський районОВО включає: Кіровський, Червоногвардійський, Центрально-Міський райони міста Макіївки"
ОВО №57,174118,116,"Центр: місто Маріуполь, Іллічівський районОВО включає: Іллічівський, Орджонікідзевський райони міста Маріуполя"
ОВО №58,175393,102,"Центр: місто Маріуполь, Жовтневий районОВО включає: Жовтневий, Приморський райони міста Маріуполя"
ОВО №59,172427,156,"Центр: місто Мар’їнкаОВО включає: міста Вугледар, Новогродівка, Селидове, Великоновосілківський, Мар’їнський райони"
ОВО №60,168642,163,"Центр: місто ВолновахаОВО включає: Волноваський, Володарський, Новоазовський, Першотравневий, Тельманівський райони"
ОВО №61,151973,137,"Центр: селище міського типу СтаробешевеОВО включає: міста Докучаєвськ, Сніжне, Амвросіївський, Старобешівський райони"
ОВО №62,177519,105,"Центр: місто ЖитомирОВО включає: частина Богунського району (виборчі дільниці № 181338 –181372, 181382 – 181386, 181388, 181389, 181399 – 181403), Корольовський район  міста Житомира"
ОВО №63,169432,228,"Центр: місто БердичівОВО включає: місто Бердичів, Андрушівський, Бердичівський, Попільнянський, Ружинський райони"
ОВО №64,168012,306,"Центр: місто КоростеньОВО включає: місто Коростень, Коростенський, Лугинський, Овруцький, Олевський райони"
ОВО №65,160539,279,"Центр: місто Новоград-ВолинськийОВО включає: місто Новоград-Волинський, Баранівський, Ємільчинський, Новоград-Волинський, Червоноармійський райони"
ОВО №66,170057,299,"Центр: місто МалинОВО включає: місто Малин, Брусилівський, Володарсько-Волинський, Коростишівський, Малинський, Народицький, Радомишльський, Черняхівський райони"
ОВО №67,169237,248,"Центр: місто ЧуднівОВО включає: частина Богунського району міста Житомира (виборчі дільниці № 181373 – 181381, 181387, 181390 – 181398), Житомирський, Любарський, Романівський, Чуднівський райони"
ОВО №68,159208,143,"Центр: місто УжгородОВО включає: міста Ужгород, Чоп, Ужгородський район"
ОВО №69,160169,133,"Центр: місто МукачевеОВО включає: місто Мукачеве, частина Берегівського (виборчі дільниці № 210003 – 210005, 210012, 210013, 210015, 210017, 210019, 210021, 210029 – 210032, 210035), частина Іршавського (виборчі дільниці № 210172 –210180, 210203 – 210212, 210223 – 210228), частина Мукачівського (виборчі дільниці № 210303 – 210330, 210332 – 210339, 210343 – 210345, 210347 – 210365) районів"
ОВО №70,166422,211,"Центр: місто СваляваОВО включає: Великоберезнянський, Воловецький, Міжгірський, Перечинський, Свалявський райони, частина Мукачівського району (виборчі дільниці № 210278 – 210302, 210331, 210340 – 210342, 210346)"
ОВО №71,154245,101,"Центр: місто ХустОВО включає: місто Хуст, Хустський район, частина Іршавського (виборчі дільниці № 210168 –210171, 210181 – 210183, 210185 – 210190, 210192 – 210195, 210198 – 210202), частина Тячівського (виборчі дільниці № 210479 –210481, 210504, 210516, 210522 – 210524, 210529, 210534, 210535, 210537, 210538) районів"
ОВО №72,173489,103,"Центр: місто ТячівОВО включає: Рахівський район, частина Тячівського району (виборчі дільниці № 210474 – 210478, 210482 – 210503, 210505 – 210515, 210517 – 210521, 210525 – 210528, 210530 – 210533, 210536, 210539 – 210547)"
ОВО №73,147026,114,"Центр: місто ВиноградівОВО включає: місто Берегове, Виноградівський район, частина Берегівського (виборчі дільниці № 210001, 210002, 210006 – 210011, 210014, 210016, 210018, 210020, 210022 – 210028, 210033, 210034, 210036), частина Іршавського (виборчі дільниці № 210184, 210191, 210196, 210197, 210213 – 210222) районів"
ОВО №74,143485,75,"Центр: місто Запоріжжя, Комунарський районОВО включає: Комунарський район, частина Жовтневого району міста Запоріжжя (виборчі дільниці № 230811, 230814, 230820 – 230836)"
ОВО №75,165110,80,"Центр: місто Запоріжжя, Ленінський районОВО включає: Заводський, Ленінський райони міста Запоріжжя"
ОВО №76,172415,89,"Центр: місто Запоріжжя, Орджонікідзевський районОВО включає: Орджонікідзевський, Хортицький райони міста Запоріжжя"
ОВО №77,144005,73,"Центр: місто Запоріжжя, Шевченківський районОВО включає: Шевченківський район, частина Жовтневого району міста Запоріжжя (виборчі дільниці № 230809, 230810, 230812, 230813, 230815 –230819)"
ОВО №78,164150,141,"Центр: місто БердянськОВО включає: місто Бердянськ з населеними пунктами Бердянської міської ради, Бердянський, Куйбишевський, Розівський, Чернігівський райони"
ОВО №79,179379,151,"Центр: місто ВасилівкаОВО включає: місто Енергодар, Василівський, Великобілозерський, Кам’янсько-Дніпровський райони, частина Оріхівського району (виборчі дільниці № 230376 – 230386, 230388 – 230392, 230394 – 230399, 230401 –230406, 230408 – 230414)"
ОВО №80,170193,112,"Центр: місто МелітопольОВО включає: місто Мелітополь, Мелітопольський район"
ОВО №81,169190,232,"Центр: місто ТокмакОВО включає: місто Токмак, Веселівський, Михайлівський, Приазовський, Приморський, Токмацький, Якимівський райони"
ОВО №82,164324,176,"Центр: місто ПологиОВО включає: Гуляйпільський, Вільнянський, Запорізький, Новомиколаївський, Пологівський райони, частина Оріхівського району (виборчі дільниці № 230387, 230393, 230400, 230407)"
ОВО №83,167191,100,"Центр: місто Івано-ФранківськОВО включає: частина міста Івано-Франківська (виборчі дільниці № 260855 –260884, 260887 – 260907, 260911 – 260917, 260919 – 260943,  260946 –260961)"
ОВО №84,164259,190,"Центр: місто ТисменицяОВО включає: частина міста Івано-Франківська (виборчі дільниці № 260885, 260886, 260908 – 260910, 260918, 260944, 260945), Тисменицький, Тлумацький райони, частина Галицького району (виборчі дільниці № 260087 – 260105, 260110 – 260129, 260131, 260132, 260134 – 260139, 260141 – 260153, 260155 – 260164)"
ОВО №85,145931,166,"Центр: місто КалушОВО включає: місто Калуш, Калуський, Рогатинський райони, частина Галицького району (виборчі дільниці № 260106 – 260109, 260130, 260133, 260140, 260154)"
ОВО №86,148235,139,"Центр: місто ДолинаОВО включає: місто Болехів з населеними пунктами Болехівської міської ради, Долинський, Рожнятівський райони, частина Богородчанського району (виборчі дільниці № 260008, 260009, 260014, 260015, 260020 – 260023, 260027, 260034 – 260039, 260045, 260046)"
ОВО №87,147555,118,"Центр: місто НадвірнаОВО включає: місто Яремче з населеними пунктами Яремчанської міської ради, Надвірнянський район, частина Богородчанського (виборчі дільниці № 260001 – 260007, 260010 – 260013, 260016 – 260019, 260024 – 260026, 260028 – 260033, 260040 – 260044, 260047), частина Коломийського (виборчі дільниці № 260329 – 260338, 260408) районів"
ОВО №88,162359,165,"Центр: місто КоломияОВО включає: місто Коломия, Городенківський район, частина Коломийського району (виборчі дільниці № 260339 – 260407, 260409 – 260411)"
ОВО №89,143944,159,"Центр: місто СнятинОВО включає: Верховинський, Косівський, Снятинський райони"
ОВО №90,162732,97,Центр: місто Біла ЦеркваОВО включає: місто Біла Церква
ОВО №91,150287,167,"Центр: селище міського типу МакарівОВО включає: місто Фастів, Макарівський, Фастівський райони, частина Києво-Святошинського (виборчі дільниці № 320562, 320578 – 320582, 320597, 320598, 320607 – 320609, 320612 – 320614, 320617, 320618, 320624, 320628 – 320640, 320642), частина Сквирського (виборчі дільниці № 320872 –320874, 320878, 320879, 320883 – 320885, 320887 – 320889, 320893, 320894, 320896 – 320900, 320902, 320903) районів"
ОВО №92,155612,216,"Центр: місто УзинОВО включає: Білоцерківський, Володарський, Ставищенський, Таращанський, Тетіївський райони, частина Сквирського району (виборчі дільниці № 320862 – 320871, 320875 – 320877, 320880 – 320882, 320886, 320890 – 320892, 320895, 320901, 320904 – 320909)"
ОВО №93,146125,181,"Центр: місто МиронівкаОВО включає: міста Переяслав-Хмельницький, Ржищів, Богуславський, Кагарлицький, Миронівський, Рокитнянський райони"
ОВО №94,&nbsp,136,"Центр: місто ОбухівОВО включає: міста Васильків, Обухів, Васильківський, Обухівський райони"
ОВО №95,158523,89,"Центр: місто ІрпіньОВО включає: місто Ірпінь, частина Києво-Святошинського району (виборчі дільниці № 320559 – 320561, 320563 – 320577, 320583 – 320596, 320599 –320606, 320610, 320611, 320615, 320616, 320619 – 320623, 320625 – 320627, 320641, 320643, 320644)"
ОВО №96,179866,194,"Центр: місто ВишгородОВО включає: міста Буча, Славутич, Бородянський, Вишгородський, Іванківський, Поліський райони"
ОВО №97,177361,136,"Центр: місто БровариОВО включає: міста Березань, Бровари, Баришівський район, частина Броварського району (виборчі дільниці № 320226 – 320250, 320253 – 320268,  320269 – 320272, 320276, 320277)"
ОВО №98,179211,185,"Центр: місто ЯготинОВО включає: місто Бориспіль, Бориспільський, Згурівський, Переяслав-Хмельницький, Яготинський райони, частина Броварського району (виборчі дільниці № 320251, 320252, 320273 – 320275)"
ОВО №99,176093,111,"Центр: місто Кіровоград, Ленінський районОВО включає: частина Кіровського (виборчі дільниці № 350814 – 350869, 350874, 350875, 350882 – 350890), частина Ленінського (виборчі дільниці № 350894 – 350936) районів міста Кіровограда"
ОВО №100,155902,235,"Центр: Бобринецький районОВО включає: частина Кіровського (виборчі дільниці № 350876 – 350881), частина Ленінського (виборчі дільниці № 350892, 350893) районів міста Кіровограда, Бобринецький, Вільшанський, Добровеличківський, Кіровоградський, Компаніївський, Новоукраїнський райони, селище міського типу Нове Кіровоградської міської ради (виборчі дільниці № 350870 – 350873, 350891)"
ОВО №101,151723,204,"Центр: селище міського типу ГолованівськОВО включає: Гайворонський, Голованівський, Маловисківський, Новоархангельський, Новомиргородський, Ульяновський райони"
ОВО №102,152881,195,"Центр: місто Знам’янкаОВО включає: міста Знам’янка, Світловодськ,  Знам’янський, Новгородківський, Олександрівський, Онуфріївський, Світловодський райони"
ОВО №103,155212,192,"Центр: місто  ОлександріяОВО включає: місто Олександрія, Долинський, Олександрійський, Петрівський, Устинівський райони"
ОВО №104,178334,109,"Центр: місто Луганськ, Артемівський районОВО включає: Артемівський район, частина Кам’янобрідського району міста Луганська (виборчі дільниці № 441414 – 441418, 441433), частина Лутугинського району (виборчі дільниці № 440170 – 440178, 440186 – 440198, 440201 – 440203, 440206 – 440215)"
ОВО №105,172763,98,"Центр: місто Луганськ, Жовтневий районОВО включає: Жовтневий район, частина Кам’янобрідського району міста Луганська (виборчі дільниці № 441419 – 441432)"
ОВО №106,158555,109,"Центр: місто СєвєродонецькОВО включає: місто Сєвєродонецьк, частина міста Стаханова (виборчі дільниці № 441212 – 441232, 441249 – 441251, 441258 – 441262), частина Попаснянського району (виборчі дільниці № 440393 – 440421, 440424)"
ОВО №107,168551,92,"Центр: місто ЛисичанськОВО включає: місто Лисичанськ, частина міста Стаханова (виборчі дільниці № 441233 – 441248, 441252 – 441257), частина міста Первомайська (виборчі дільниці № 440975 – 440980, 440987, 440988), частина Попаснянського району  (виборчі дільниці № 440381 – 440392, 440422, 440423)"
ОВО №108,161450,142,"Центр: місто Красний ЛучОВО включає: місто Красний Луч, Перевальський район"
ОВО №109,169977,154,"Центр: місто КраснодонОВО включає: місто Краснодон, Ленінський район міста Луганська, Краснодонський район"
ОВО №110,177508,134,"Центр: місто АлчевськОВО включає: міста Алчевськ, Антрацит, частина Антрацитівського (виборчі дільниці № 440009 – 440013, 440015 – 440020, 440028), частина Лутугинського (виборчі дільниці № 440179 – 440185, 440199, 440200, 440204, 440205) районів"
ОВО №111,171785,146,"Центр: місто СвердловськОВО включає: міста Свердловськ, Ровеньки, частина Антрацитівського району (виборчі дільниці № 440001 – 440008, 440014, 440021 – 440027, 440029 –440034)"
ОВО №112,158931,107,"Центр: місто РубіжнеОВО включає: міста Рубіжне, Кіровськ, Брянка, частина міста Первомайська (виборчі дільниці № 440981 – 440986, 440989 – 441015)"
ОВО №113,159090,203,"Центр: місто СватовеОВО включає: Білокуракинський, Кремінський, Новоайдарський, Сватівський, Старобільський, Троїцький райони"
ОВО №114,154032,198,"Центр: селище міського типу Станиця ЛуганськаОВО включає: Біловодський, Марківський, Міловський, Новопсковський, Слов’яносербський, Станично-Луганський райони"
ОВО №115,170995,95,"Центр: місто Львів, Сихівський районОВО включає: Сихівський район, частина Личаківського району міста Львова (виборчі дільниці № 461925 – 461928, 461931, 461935, 461936, 461940 – 461942, 461947 – 461950, 461954 – 461959, 461962 – 461975)"
ОВО №116,178391,79,"Центр: місто Львів, Залізничний районОВО включає: Залізничний район, частина Шевченківського району міста Львова (виборчі дільниці № 462109 – 462113, 462119 – 462129, 462137 –462150)"
ОВО №117,175125,95,"Центр: місто Львів, Франківський районОВО включає: Галицький, Франківський райони, частина Шевченківського району міста Львова (виборчі дільниці № 462130 – 462136)"
ОВО №118,171624,137,"Центр: місто Львів, Личаківський районОВО включає: частина Личаківського (виборчі дільниці № 461929, 461930, 461932 – 461934, 461937 – 461939, 461943 – 461946, 461951 – 461953, 461960, 461961), частина Шевченківського (виборчі дільниці № 462095 – 462108, 462114 – 462118, 462151, 462152) районів міста Львова, Пустомитівський район"
ОВО №119,154303,248,"Центр: місто БродиОВО включає: Бродівський, Буський, Радехівський райони, частина Кам’янка-Бузького району (виборчі дільниці № 460614 – 460618, 460622, 460623, 460625 – 460643, 460649 – 460653, 460658, 460663, 460664, 460670 – 460679)"
ОВО №120,154134,247,"Центр: місто ГородокОВО включає: Городоцький, Мостиський райони, частина Самбірського  району (виборчі дільниці № 461059 – 461136, 461140 – 461147)"
ОВО №121,176804,143,"Центр: місто ДрогобичОВО включає: міста Борислав, Дрогобич, Трускавець, Дрогобицький район"
ОВО №122,175091,207,"Центр: місто ЯворівОВО включає: Жовківський, Яворівський райони"
ОВО №123,160071,253,"Центр: місто ПеремишляниОВО включає: місто Новий Розділ, Золочівський, Миколаївський, Перемишлянський райони"
ОВО №124,150504,164,"Центр: місто СокальОВО включає: місто Червоноград, Сокальський район, частина Кам’янка-Бузького району (виборчі дільниці № 460619 – 460621, 460624, 460644 –460648, 460654 – 460657, 460659 – 460662, 460665 – 460669)"
ОВО №125,164027,265,"Центр: місто Старий СамбірОВО включає: місто Самбір, Сколівський, Старосамбірський, Турківський райони, частина Самбірського району (виборчі дільниці №  461137 – 461139)"
ОВО №126,153655,223,"Центр: місто СтрийОВО включає: міста Моршин, Стрий, Жидачівський, Стрийський райони"
ОВО №127,155062,126,"Центр: місто Миколаїв, Заводський районОВО включає: місто Очаків, Заводський район міста Миколаєва, Миколаївський, Очаківський райони"
ОВО №128,172604,92,"Центр: місто Миколаїв, Ленінський районОВО включає: Ленінський, Корабельний райони міста Миколаєва"
ОВО №129,152428,106,"Центр: місто Миколаїв, Центральний районОВО включає: Центральний район міста Миколаєва, Жовтневий район"
ОВО №130,147543,236,"Центр: місто БаштанкаОВО включає: Баштанський, Березнегуватський, Казанківський, Новобузький, Новоодеський, Снігурівський райони"
ОВО №131,161553,191,"Центр: місто ВознесенськОВО включає: міста Вознесенськ, Южноукраїнськ, Березанський, Веселинівський, Вознесенський, Доманівський, Єланецький райони"
ОВО №132,&nbsp,186,"Центр: місто ПервомайськОВО включає: місто Первомайськ, Арбузинський, Братський, Врадіївський, Кривоозерський, Первомайський райони"
ОВО №133,178761,86,"Центр: місто Одеса, Київський районОВО включає: Київський район міста Одеси"
ОВО №134,177426,85,"Центр: місто Одеса, Малиновський районОВО включає: частина Малиновського району міста Одеси (виборчі дільниці № 511159 –511218, 511220, 511222 – 511244)"
ОВО №135,180297,95,"Центр: місто Одеса, Приморський районОВО включає: Приморський район міста Одеси"
ОВО №136,180127,89,"Центр: місто Одеса, Суворовський районОВО включає: частина Малиновського (виборчі дільниці № 511219, 511221), частина Суворовського (виборчі дільниці № 511340 – 511365, 511374 –511434) районів міста Одеси"
ОВО №137,144471,204,"Центр: місто КотовськОВО включає: місто Котовськ, Балтський, Кодимський, Котовський, Красноокнянський, Савранський райони"
ОВО №138,153182,242,"Центр: селище міського типу ШиряєвеОВО включає: Ананьївський, Березівський, Іванівський, Любашівський, Миколаївський, Ширяївський райони, частина Комінтернівського району (виборчі дільниці № 510473 – 510498, 510521, 510522)"
ОВО №139,174259,140,"Центр: місто РоздільнаОВО включає: місто Южне, частина Суворовського району міста Одеси (виборчі дільниці № 511366 – 511373), Великомихайлівський, Роздільнянський, Фрунзівський райони, частина Біляївського (виборчі дільниці № 510222, 510223, 510230, 510237, 510238, 510241 – 510243, 510246, 510248, 510249, 510252, 510257, 510263 – 510265, 510268, 510269, 510276, 510277), частина Комінтернівського (виборчі дільниці № 510499 – 510520, 510523) районів"
ОВО №140,178320,110,"Центр: місто БіляївкаОВО включає: міста Іллічівськ, Теплодар, Овідіопольський район, частина Біляївського району (виборчі дільниці № 510224 – 510229, 510231 – 510236, 510239, 510240, 510244, 510245, 510247, 510250, 510251, 510253 – 510256, 510258 – 510262, 510266, 510267, 510270 – 510275, 510278 – 510282)"
ОВО №141,157413,145,"Центр: місто ТатарбунариОВО включає: місто Білгород-Дністровський, Білгород-Дністровський, Татарбунарський райони, частина Кілійського району (виборчі дільниці № 510407 – 510423, 510425 – 510428, 510431, 510435, 510439, 510440)"
ОВО №142,161432,155,"Центр: місто АрцизОВО включає: Арцизький, Саратський, Тарутинський райони, частина Болградського (виборчі дільниці № 510283 – 510290, 510296, 510298 –510315, 510317, 510318), частина Кілійського (виборчі дільниці № 510424, 510429, 510430, 510432 – 510434, 510436 – 510438) районів"
ОВО №143,147232,116,"Центр: місто ІзмаїлОВО включає: місто Ізмаїл, Ізмаїльський, Ренійський райони, частина Болградського району (виборчі дільниці № 510291 – 510295, 510297, 510316)"
ОВО №144,152971,85,"Центр: місто Полтава, Октябрський районОВО включає: Ленінський, Октябрський райони міста Полтави"
ОВО №145,158582,132,"Центр: місто Полтава, Київський районОВО включає: Київський район міста Полтави, Котелевський, Полтавський райони"
ОВО №146,149013,85,"Центр: місто КременчукОВО включає: частина Автозаводського району (виборчі дільниці № 531040 –531085, 531099, 531100), Крюківський район міста Кременчука"
ОВО №147,145692,190,"Центр: місто МиргородОВО включає: місто Миргород, Диканський, Зіньківський, Миргородський, Решетилівський, Шишацький райони"
ОВО №148,154253,219,"Центр: місто ЛубниОВО включає: місто Лубни, Великобагачанський, Оржицький, Семенівський, Хорольський райони, частина Лубенського району (виборчі дільниці № 530474 – 530494, 530504 – 530506, 530522 – 530531)"
ОВО №149,150484,215,"Центр: місто КарлівкаОВО включає: Карлівський, Кобеляцький, Козельщинський, Машівський, Новосанжарський, Чутівський райони"
ОВО №150,150592,127,"Центр: місто КомсомольськОВО включає: місто Комсомольськ, частина Автозаводського району міста Кременчука (виборчі дільниці № 531086 – 531098), Глобинський, Кременчуцький райони"
ОВО №151,147704,220,"Центр: місто ЛохвицяОВО включає: Гадяцький, Гребінківський, Лохвицький, Пирятинський, Чорнухинський райони, частина Лубенського району (виборчі дільниці № 530495 – 530503, 530507 – 530521)"
ОВО №152,172603,94,"Центр: місто РівнеОВО включає: частина міста Рівного (виборчі дільниці № 560901 – 560974, 560984 – 561002)"
ОВО №153,176213,230,"Центр: місто РівнеОВО включає: місто Острог, частина міста Рівного (виборчі дільниці 
№ 560975 – 560983), Гощанський, Корецький, Острозький, Рівненський райони"
ОВО №154,180130,266,"Центр: місто ДубноОВО включає: місто Дубно, Демидівський, Дубенський, Здолбунівський, Млинівський, Радивилівський райони"
ОВО №155,173401,212,"Центр: місто ДубровицяОВО включає: місто Кузнецовськ, Володимирецький, Дубровицький, Зарічненський, Рокитнівський райони"
ОВО №156,168989,200,"Центр: місто СарниОВО включає: Березнівський, Костопільський, Сарненський райони"
ОВО №157,179266,100,"Центр: місто СумиОВО включає: Ковпаківський район, частина Зарічного району міста Сум (виборчі дільниці № 590884 – 590895, 590926 – 590943, 591015), село Піщане Сумської міської ради з населеними пунктами Піщанської сільської ради"
ОВО №158,175682,190,"Центр: місто БілопілляОВО включає: частина Зарічного району міста Сум (виборчі дільниці № 590896 – 590925, 590944 – 590946), Білопільський, Краснопільський, Сумський райони"
ОВО №159,146948,224,"Центр: місто ГлухівОВО включає: місто Глухів, Глухівський, Путивльський, Середино-Будський, Ямпільський райони, частина Кролевецького (виборчі дільниці № 590260 –590274, 590276 – 590278, 590280, 590282 – 590284, 590287, 590288, 590291, 590295 – 590299), частина Конотопського (виборчі дільниці № 590176, 590177, 590181 – 590183, 590185, 590186, 590188, 590190 – 590192, 590196 –590198, 590210, 590213), частина Шосткінського (виборчі дільниці № 590679 – 590688, 590694 – 590699) районів"
ОВО №160,147395,99,"Центр: місто ШосткаОВО включає: міста Конотоп, Шостка, частина Конотопського (виборчі дільниці № 590179, 590180, 590200, 590207, 590208), частина Кролевецького (виборчі дільниці № 590275, 590279, 590281, 590285, 590286, 590289, 590290, 590292 – 590294), частина Шосткінського (виборчі дільниці № 590675 –590678, 590689 – 590693, 590700 – 590703) районів"
ОВО №161,148782,229,"Центр: місто РомниОВО включає: місто Ромни, Буринський,  Липоводолинський, Недригайлівський, Роменський райони, частина Конотопського району (виборчі дільниці № 590172 – 590175, 590178, 590184, 590187, 590189, 590193 – 590195, 590199, 590201 – 590206, 590209, 590211, 590212, 590214 –590218)"
ОВО №162,147841,174,"Центр: місто ОхтиркаОВО включає: міста Лебедин, Охтирка, Великописарівський, Лебединський, Охтирський, Тростянецький райони"
ОВО №163,177378,86,Центр: місто ТернопільОВО включає: частина міста Тернополя (виборчі дільниці № 611096 – 611181)
ОВО №164,177577,307,"Центр: місто ЗбаражОВО включає: Збаразький, Лановецький, Підволочиський, Шумський райони, частина Кременецького району (виборчі дільниці № 610544 – 610552, 610554 – 610587, 610591, 610592, 610596 – 610604, 610607, 610609, 610610, 610613 – 610616)"
ОВО №165,178352,311,"Центр: місто ЗборівОВО включає: частина міста Тернополя (виборчі дільниці № 611092 – 611095), Бережанський, Зборівський, Козівський, Підгаєцький, Тернопільський райони, частина Кременецького району (виборчі дільниці № 610542, 610543, 610553, 610588 – 610590, 610593 – 610595, 610605, 610606, 610608, 610611, 610612)"
ОВО №166,175509,270,"Центр: місто ТеребовляОВО включає: Бучацький, Гусятинський, Монастириський, Теребовлянський райони"
ОВО №167,154725,210,"Центр: місто ЧортківОВО включає: Борщівський, Заліщицький, Чортківський райони"
ОВО №168,169341,88,"Центр: місто Харків, Дзержинський районОВО включає: Дзержинський район міста Харкова"
ОВО №169,163827,99,"Центр: місто Харків, Київський районОВО включає: Київський район, частина Московського району міста Харкова (виборчі дільниці № 631415 – 631421, 631481 – 631484, 631525 – 631527)"
ОВО №170,161861,83,"Центр: місто Харків, Московський районОВО включає: частина Московського району міста Харкова (виборчі дільниці № 631422 – 631446, 631451 – 631461, 631467 – 631480, 631485 – 631492, 631506 – 631524, 631528 – 631532)"
ОВО №171,156146,81,"Центр: місто Харків, Фрунзенський районОВО включає: Фрунзенський район, частина Комінтернівського (виборчі дільниці № 631354 – 631372), частина Орджонікідзевського (виборчі дільниці № 631533 – 631536) районів міста Харкова"
ОВО №172,159686,76,"Центр: місто Харків, Орджонікідзевський районОВО включає: частина Московського (виборчі дільниці № 631447 – 631450, 631462 – 631466, 631493 – 631505), частина Орджонікідзевського (виборчі дільниці № 631537 – 631590) районів міста Харкова"
ОВО №173,150856,82,"Центр: місто Харків, Комінтернівський районОВО включає: Червонозаводський район, частина Комінтернівського району міста Харкова (виборчі дільниці № 631316 – 631353, 631373 – 631375, 631689)"
ОВО №174,158735,95,"Центр: місто Харків, Ленінський районОВО включає: Жовтневий, Ленінський райони міста Харкова"
ОВО №175,153699,116,"Центр: місто ДергачіОВО включає: місто Люботин, Дергачівський район, частина Харківського району (виборчі дільниці № 630810 – 630819, 630829 – 630831, 630833 –630836, 630840 – 630845, 630848 – 630859, 630874 – 630879, 630881)"
ОВО №176,150042,158,"Центр: місто ЧугуївОВО включає: місто Чугуїв, Великобурлуцький, Вовчанський, Дворічанський, Печенізький, Чугуївський райони"
ОВО №177,159581,168,"Центр: місто Куп’янськОВО включає: міста Ізюм, Куп’янськ, Борівський, Ізюмський, Куп’янський, Шевченківський райони"
ОВО №178,147550,162,"Центр: місто БалакліяОВО включає: місто Первомайський, Балаклійський, Барвінківський, Близнюківський, Первомайський райони"
ОВО №179,161678,192,"Центр: місто КрасноградОВО включає: місто Лозова, Зачепилівський, Кегичівський, Красноградський, Лозівський, Сахновщинський райони"
ОВО №180,145970,183,"Центр: селище міського типу ЗолочівОВО включає: Богодухівський, Валківський, Золочівський, Коломацький, Краснокутський, Нововодолазький райони, частина Харківського району (виборчі дільниці № 630820 – 630822)"
ОВО №181,162008,108,"Центр: місто ЗміївОВО включає: Зміївський район, частина Харківського району (виборчі дільниці № 630779 – 630809, 630823 – 630828, 630832, 630837 – 630839, 630846, 630847, 630860 – 630873, 630880, 630882, 630883)"
ОВО №182,164236,95,"Центр: місто Херсон, Суворовський районОВО включає: частина Дніпровського (виборчі дільниці № 650622 – 650653, 650662 – 650670), частина Суворовського (виборчі дільниці № 650726 – 650768, 650773 – 650782)  районів міста Херсона з населеними пунктами Дніпровської та Суворовської районних у місті Херсоні рад"
ОВО №183,169781,108,"Центр: місто Херсон, Комсомольський районОВО включає: Комсомольський район, частина Дніпровського (виборчі дільниці № 650654 – 650661, 650671), частина Суворовського (виборчі дільниці № 650769 – 650772) районів міста Херсона з населеними пунктами Дніпровської, Суворовської та Комсомольської районних у місті Херсоні рад, Білозерський район."
ОВО №184,177860,195,"Центр: місто Нова КаховкаОВО включає: місто Нова Каховка з населеними пунктами Новокаховської міської ради, Бериславський, Великолепетиський, Великоолександрівський, Високопільський, Горностаївський, Нововоронцовський райони"
ОВО №185,179621,217,"Центр: місто КаховкаОВО включає: місто Каховка, Верхньорогачицький, Генічеський, Іванівський, Каховський, Нижньосірогозький, Новотроїцький райони, частина Чаплинського району (виборчі дільниці № 650534 – 650538, 650544 – 650546, 650548, 650562, 650563)."
ОВО №186,180152,168,"Центр: місто ЦюрупинськОВО включає: Голопристанський, Каланчацький, Скадовський, Цюрупинський райони, частина Чаплинського району (виборчі дільниці № 650539 – 650543, 650547, 650549 – 650561)"
ОВО №187,146225,83,Центр: місто ХмельницькийОВО включає: частина міста Хмельницького (виборчі дільниці № 681455 –681536)
ОВО №188,148666,187,"Центр: місто ХмельницькийОВО включає: частина міста Хмельницького (виборчі дільниці № 681427 –681454), Волочиський, Хмельницький райони"
ОВО №189,153841,293,"Центр: місто КрасилівОВО включає: місто Нетішин, Білогірський, Ізяславський, Красилівський, Теофіпольський райони"
ОВО №190,155348,221,"Центр: місто ШепетівкаОВО включає: міста Славута, Шепетівка, Полонський, Славутський, Шепетівський райони"
ОВО №191,142600,287,"Центр: місто СтарокостянтинівОВО включає: місто Старокостянтинів, Віньковецький, Деражнянський, Летичівський, Старокостянтинівський, Старосинявський райони"
ОВО №192,156275,272,"Центр: місто ДунаївціОВО включає: Городоцький, Дунаєвецький, Чемеровецький, Ярмолинецький райони"
ОВО №193,156851,216,"Центр: місто Кам’янець-ПодільськийОВО включає: місто Кам’янець-Подільський, Кам’янець-Подільський, Новоушицький райони"
ОВО №194,&nbsp,83,"Центр: місто Черкаси, Придніпровський районОВО включає: Придніпровський район, частина Соснівського району міста Черкас (виборчі дільниці № 711039 – 711042, 711044, 711049, 711080 –711100)"
ОВО №195,151841,161,"Центр: місто Черкаси, Соснівський районОВО включає: частина Соснівського району міста Черкас (виборчі дільниці № 711043, 711045 – 711048, 711050 – 711067, 711074 – 711079), Драбівський, Чигиринський, Чорнобаївський райони"
ОВО №196,151990,218,"Центр: місто Корсунь-ШевченківськийОВО включає: Городищенський, Катеринопільський, Корсунь-Шевченківський, Шполянський райони, частина Канівського (виборчі дільниці № 710263, 710266, 710274, 710280 – 710285, 710287, 710289 –710291, 710298 – 710303),  частина Лисянського (виборчі дільниці № 710403, 710404, 710411, 710412, 710420, 710421, 710433), частина Тальнівського (виборчі дільниці № 710563 – 710565, 710567, 710569 – 710579, 710582 –710585, 710587 – 710590, 710593 – 710597) районів"
ОВО №197,&nbsp,146,"Центр: місто КанівОВО включає: міста Золотоноша, Канів, частина Соснівського району міста Черкас (виборчі дільниці № 711030 – 711038, 711068 – 711073), Золотоніський район, частина Канівського (виборчі дільниці № 710264, 710265, 710267 –710273, 710275 – 710279, 710286, 710288, 710292 – 710297, 710304 – 710309), частина Черкаського (виборчі дільниці № 710691, 710696, 710697, 710700, 710701, 710706, 710709, 710710, 710711 – 710713, 710716 – 710719, 710722 –710725, 710735, 710736) районів"
ОВО №198,146770,136,"Центр: місто СмілаОВО включає: місто Сміла, Кам’янський, Смілянський райони, частина Черкаського району (виборчі дільниці № 710690, 710692 – 710695, 710698, 710699, 710702 – 710705, 710707, 710708, 710714, 710715, 710720, 710721, 710726 – 710734, 710737)"
ОВО №199,144943,187,"Центр: місто ЖашківОВО включає: місто Ватутіне, Жашківський, Звенигородський, Маньківський райони, частина Лисянського (виборчі дільниці № 710397 – 710402, 710405 –710410, 710413 – 710419, 710422 – 710432, 710434, 710435), частина Тальнівського (виборчі дільниці № 710548 – 710562, 710568, 710580, 710586, 710591, 710592) районів"
ОВО №200,162076,172,"Центр: місто УманьОВО включає: місто Умань, Монастирищенський,  Уманський, Христинівський райони, частина Тальнівського району (виборчі дільниці № 710566, 710581)"
ОВО №201,175930,108,"Центр: місто Чернівці, Шевченківський районОВО включає: Першотравневий, Шевченківський райони, частина Садгірського району  міста Чернівців (виборчі дільниці № 730480, 730487 –730492)"
ОВО №202,177406,166,"Центр: місто СторожинецьОВО включає: Вижницький, Кіцманський, Путильський райони, частина Сторожинецького району (виборчі дільниці № 730338 – 730351, 730355 –730361, 730364 – 730366, 730368 – 730375, 730378, 730381 – 730387, 730390 –730394)"
ОВО №203,175110,131,"Центр: місто НовоселицяОВО включає: частина Садгірського району міста Чернівців (виборчі дільниці № 730481 – 730486), Герцаївський, Глибоцький, Новоселицький райони, частина Сторожинецького району (виборчі дільниці № 730352 – 730354, 730362, 730363, 730367, 730376, 730377, 730379, 730380, 730388, 730389)"
ОВО №204,175867,155,"Центр: місто ХотинОВО включає: місто Новодністровськ, Заставнівський, Кельменецький, Сокирянський, Хотинський райони"
ОВО №205,150653,83,"Центр: місто Чернігів, Деснянський районОВО включає: Деснянський район, частина Новозаводського району міста Чернігова (виборчі дільниці № 741086, 741096 – 741099)"
ОВО №206,150029,178,"Центр: місто ЧернігівОВО включає: частина Новозаводського району міста Чернігова (виборчі дільниці № 741061 – 741085, 741087 – 741095, 741100 – 741108), Ріпкинський, Чернігівський райони"
ОВО №207,144470,257,"Центр: місто КорюківкаОВО включає: Городнянський, Коропський, Корюківський, Новгород-Сіверський, Семенівський, Сосницький, Щорський райони"
ОВО №208,145453,202,"Центр: місто БахмачОВО включає: Бахмацький, Борзнянський, Куликівський, Менський, Талалаївський райони, частина Ічнянського району (виборчі дільниці № 740197 – 740201, 740204, 740208, 740209, 740215, 740218, 740221, 740225, 740228, 740231, 740232, 740235, 740236, 740239, 740240)"
ОВО №209,147301,169,"Центр: місто НіжинОВО включає: місто Ніжин, Варвинський, Ніжинський, Носівський, Срібнянський райони, частина Ічнянського району (виборчі дільниці № 740202, 740203, 740205 – 740207, 740210 – 740214, 740216, 740217, 740219, 740220, 740222 – 740224, 740226, 740227, 740229, 740230, 740233, 740234, 740237, 740238)"
ОВО №210,155865,221,"Центр: місто ПрилукиОВО включає: місто Прилуки, Бобровицький, Козелецький, Прилуцький райони"
ОВО №211,172473,86,"Центр: місто Київ, Голосіївський районОВО включає: Голосіївський район міста Києва"
ОВО №212,169650,81,"Центр: місто Київ, Дарницький районОВО включає: частина Дарницького району міста Києва (виборчі дільниці № 800086 – 800156, 800205 – 800214)"
ОВО №213,166148,73,"Центр: місто Київ, Деснянський районОВО включає: частина Деснянського району міста Києва (виборчі дільниці № 800215 – 800227, 800236 – 800243, 800254 – 800270, 800273 – 800304, 801068 – 801070)"
ОВО №214,164937,81,"Центр: місто Київ, Дніпровський районОВО включає: частина Дніпровського району міста Києва (виборчі дільниці № 800350 – 800353, 800366, 800369 – 800407, 800431 – 800434, 800438 – 800470)"
ОВО №215,170211,79,"Центр: місто Київ, Деснянський районОВО включає: частина Деснянського (виборчі дільниці № 800228 – 800235, 800244 – 800253, 800271, 800272, 800305 – 800341), частина Дніпровського (виборчі дільниці № 800342 – 800349, 800354 – 800365, 800367, 800368) районів міста Києва"
ОВО №216,158938,74,"Центр: місто Київ, Дніпровський районОВО включає: частина Дарницького (виборчі дільниці № 800157 – 800204), частина Дніпровського (виборчі дільниці № 800408 – 800430, 800435 –800437) районів міста Києва"
ОВО №217,171683,79,"Центр: місто Київ, Оболонський районОВО включає: частина Оболонського району міста Києва (виборчі дільниці № 800471 –800547, 800577, 800578)"
ОВО №218,150294,75,"Центр: місто Київ, Святошинський районОВО включає: частина Оболонського (виборчі дільниці № 800548 – 800576, 800579 – 800582), частина Святошинського (виборчі дільниці № 800781 –800822) районів міста Києва"
ОВО №219,168113,84,"Центр: місто Київ, Святошинський районОВО включає: частина Святошинського району міста Києва (виборчі дільниці № 800702 –800780, 800823 – 800827)"
ОВО №220,146663,69,"Центр: місто Київ, Подільський районОВО включає: Подільський район міста Києва"
ОВО №221,175381,104,"Центр: місто Київ, Печерський районОВО включає: Печерський район, частина Солом’янського (виборчі дільниці № 800828 – 800843, 800850, 800851, 800865, 800869 – 800871, 800873, 800877 – 800885, 800887 – 800891, 800950 – 800956, 800958, 800959), частина Шевченківського (виборчі дільниці № 800960 – 800964, 800966, 800967, 800975) районів міста Києва"
ОВО №222,177155,87,"Центр: місто Київ, Солом’янський районОВО включає: частина Солом’янського району міста Києва (виборчі дільниці № 800844 –800849, 800852 – 800864, 800866 – 800868, 800872, 800874 –800876, 800886, 800892 – 800949, 800957)"
ОВО №223,&nbsp,101,"Центр: місто Київ, Шевченківський районОВО включає: частина Шевченківського району міста Києва (виборчі дільниці № 800965, 800968 – 800974, 800976 – 801066)"
ОВО №224,155437,94,"Центр: місто Севастополь, Гагарінський районОВО включає: Балаклавський район з населеними пунктами Балаклавської районної у місті Севастополі ради, Гагарінський район, частина Ленінського району міста Севастополя (виборчі дільниці № 850120 – 850122, 850131– 850135)"
ОВО №225,153305,98,"Центр: місто Севастополь, Ленінський районОВО включає: Нахімовський район з населеними пунктами Нахімовської районної у місті Севастополі ради, частина Ленінського району міста Севастополя (виборчі дільниці № 850088 – 850119, 850123 – 850130, 850136 –850144)"