num_voters_parl,description_parl,num_stations_parl,tvo_parl,city_neighborhood_parl,tvo_pres,city_neighborhood_pres
157732,"Центр: місто Сімферополь, Центральний район",94,1,"Залізничний район міста Сімферополя з населеними пунктами Залізничної районної в місті Сімферополі ради, Центральний район міста Сімферополя",1,"Центральний, Залізничний райони в місті Сімферополі"
146693,"Центр: місто Сімферополь, Київський район",98,2,"Київський район міста Сімферополя з населеними пунктами Київської районної в місті Сімферополі ради, частина Сімферопольського району (виборчі дільниці № 010583 – 010595, 010601 – 010603, 010631 –010637, 010647, 010648)",2,Київський район у місті Сімферополі
157096,Центр: місто Джанкой,164,3,"місто Джанкой, Джанкойський, Красногвардійський райони",3,"місто Джанкой, Джанкойський, Красногвардійський райони"
171077,Центр: місто Євпаторія,136,4,"міста Євпаторія з населеними пунктами Євпаторійської міської ради, Саки, Сакський район",4,"міста Євпаторія, Саки, Сакський район"
138219,Центр: місто Керч,98,5,"місто Керч, частина Ленінського району (виборчі дільниці № 010346 – 010350, 010352 – 010356, 010358, 010360, 010362, 010363, 010365, 010366, 010370 – 010374, 010379, 010380, 010382 – 010384)",5,"місто Керч, Ленінський район"
145125,Центр: місто Феодосія,107,6,"місто Феодосія з населеними пунктами Феодосійської міської ради, Кіровський район, частина Ленінського району (виборчі дільниці № 010343, 010357, 010359, 010364, 010367 – 010369, 010375, 010376, 010378, 010386 – 010394)",6,"міста Феодосія, Судак, Кіровський район"
143851,Центр: місто Ялта,105,7,"міста Алушта, Ялта з населеними пунктами Алуштинської та Ялтинської міських рад",7,"міста Ялта, Алушта"
142955,Центр: смт Совєтський,154,8,"місто Судак з населеними пунктами Судацької міської ради, Білогірський, Нижньогірський, Совєтський райони, частина Сімферопольського району (виборчі дільниці № 010608, 010609, 010612 –010614)",8,"Білогірський, Нижньогірський, Совєтський райони"
141638,Центр: смт Первомайське,151,9,"міста Армянськ з населеними пунктами Армянської міської ради, Красноперекопськ, Красноперекопський, Первомайський, Роздольненський, Чорноморський райони",9,"міста Красноперекопськ, Армянськ, Красноперекопський, Первомайський, Роздольненський, Чорноморський райони"
156729,Центр: місто Сімферополь,130,10,"Бахчисарайський район, частина Сімферопольського району (виборчі дільниці № 010564 – 010582, 010596 – 010600, 010604 – 010607, 010610, 010611, 010615 – 010630, 010638 – 010646)",10,"Сімферопольський, Бахчисарайський райони"
170236,Центр: місто Вінниця,112,11,"частина міста Вінниці (виборчі дільниці № 051477 – 051547, 051575 – 051586), частина Вінницького району (виборчі дільниці № 050130 –050137, 050145, 050149, 050154 – 050156, 050161, 050162, 050164 – 050167, 050185 – 050192)",11,території колишніх Ленінського та Староміського районів у місті Вінниці
177067,Центр: місто Вінниця,115,12,"частина міста Вінниці (виборчі дільниці № 051435 – 051476, 051548 – 051569, 051571 – 051574, 051587 – 051590, 051670), частина Вінницького району (виборчі дільниці № 050125 – 050129, 050138 – 050144, 050146 – 050148, 050150 – 050153, 050157 – 050160, 050163, 050168 – 050184)",12,"територія колишнього Замостянського району у місті Вінниці, Вінницький район"
152154,Центр: місто Калинівка,236,13,"міста Козятин, Хмільник, Калинівський, Козятинський, Хмільницький райони",13,"міста Козятин, Хмільник, Калинівський, Козятинський, Хмільницький райони"
168048,Центр: місто Жмеринка,271,14,"місто Жмеринка, Барський, Жмеринський, Літинський, Тиврівський райони",14,"місто Жмеринка, Барський, Жмеринський, Літинський, Мурованокуриловецький райони"
156448,Центр: місто Шаргород,215,15,"Мурованокуриловецький, Томашпільський, Тульчинський, Чернівецький, Шаргородський райони",15,"Гайсинський, Іллінецький, Липовецький, Оратівський, Погребищенський райони"
143871,Центр: місто Ямпіль,197,16,"місто Могилів-Подільський, Крижопільський, Могилів-Подільський, Піщанський, Чечельницький, Ямпільський райони",18,"місто Могилів-Подільський, Крижопільський, Могилів-Подільський, Томашпільський, Чернівецький, Ямпільський райони"
165147,Центр: місто Ладижин,216,17,"місто Ладижин, Бершадський, Гайсинський, Теплицький, Тростянецький райони",17,"місто Ладижин, Бершадський, Піщанський, Теплицький, Тростянецький, Чечельницький райони"
141977,Центр: місто Іллінці,298,18,"Іллінецький, Липовецький, Немирівський, Оратівський, Погребищенський райони",16,"Немирівський, Тиврівський, Тульчинський, Шаргородський райони"
144487,Центр: місто Володимир-Волинський,222,19,"міста Володимир-Волинський, Нововолинськ, Володимир-Волинський, Іваничівський, Любомльський райони",19,"міста Володимир-Волинський, Нововолинськ, Володимир-Волинський, Іваничівський, Любомльський райони"
157749,Центр: місто Горохів,314,20,"Горохівський, Локачинський, Луцький, Рожищенський, Турійський райони",20,"Горохівський, Локачинський, Луцький, Рожищенський, Турійський райони"
155723,Центр: місто Ковель,249,21,"місто Ковель, Ковельський, Ратнівський, Старовижівський, Шацький райони",21,"місто Ковель, Ковельський, Ратнівський, Старовижівський, Шацький райони"
157536,Центр: місто Луцьк,84,22,місто Луцьк,22,місто Луцьк
160139,Центр: смт Маневичі,262,23,"Камінь-Каширський, Ківерцівський, Любешівський, Маневицький райони",23,"Камінь-Каширський, Ківерцівський, Любешівський, Маневицький райони"
157681,"Центр: місто Дніпропетровськ, Самарський район",86,24,"Індустріальний район, частина Самарського району міста Дніпропетровська виборчі дільниці № 121444 – 121463, 121467 – 121479, 121481)",24,Амур-Нижньодніпровський район у місті Дніпропетровську
145409,"Центр: місто Дніпропетровськ, Красногвардійський район",81,25,"частина Амур-Нижньодніпровського району (виборчі дільниці № 121063, 121064, 121071 – 121077, 121084, 121087 – 121103), Красногвардійський район міста Дніпропетровська",25,"Індустріальний, Самарський райони в місті Дніпропетровську"
143081,"Центр: місто Дніпропетровськ, Бабушкінський район",75,26,"Бабушкінський район, частина Кіровського району міста Дніпропетровська (виборчі дільниці № 121286 – 121291, 121293 – 121298, 121310 – 121315), смт Авіаторське Дніпропетровської міської ради",27,"Бабушкінський район у місті Дніпропетровську, смт Авіаторське Дніпропетровської міської ради"
141932,"Центр: місто Дніпропетровськ, Жовтневий район",86,27,"Жовтневий район, частина Кіровського (виборчі дільниці № 121299 – 121309, 121316, 121317), частина Самарського (виборчі дільниці № 121464 – 121466, 121480) районів міста Дніпропетровська",26,Жовтневий район у місті Дніпропетровську
146359,"Центр: місто Дніпропетровськ, Ленінський район",77,28,"Ленінський район міста Дніпропетровська, частина Амур-Нижньодніпровського району (виборчі дільниці № 121059 – 121062)",29,Ленінський район у місті Дніпропетровську
146039,"Центр: Дніпропетровський район, смт Ювілейне",86,29,"частина Амур-Нижньодніпровського району міста Дніпропетровська (виборчі дільниці № 121046 – 121058, 121065 – 121070, 121078 – 121083, 121085, 121086, 121104), Дніпропетровський, Петриківський райони",28,"Красногвардійський, Кіровський райони в місті Дніпропетровську"
163910,"Центр: місто Дніпродзержинськ, Заводський район",83,30,"Баглійський, Дніпровський райони, частина Заводського району міста Дніпродзержинська (виборчі дільниці № 121012 – 121021, 121028, 121030, 121036 – 121038, 121040 – 121043)",30,"місто Дніпродзержинськ, смт Карнаухівка, селище Світле Баглійської районної в місті Дніпродзержинську ради"
172746,"Центр: місто Кривий Ріг, Жовтневий район",98,31,"Жовтневий район, частина Тернівського району міста Кривого Рогу (виборчі дільниці № 121694 – 121728, 121730 – 121733, 121780), селища Гірницьке, Коломійцеве, села Новоіванівка, Тернуватий Кут Криворізької міської ради",31,"Жовтневий, Тернівський райони в місті Кривому Розі, селища Гірницьке, Коломійцеве, села Новоіванівка і Тернуватий Кут Криворізької міської ради"
173835,"Центр: місто Кривий Ріг, Довгинцівський район",92,32,"Довгинцівський район, частина Саксаганського району (виборчі дільниці № 121638 – 121683, 121690 – 121693) міста Кривого Рогу",32,"Саксаганський, Довгинцівський райони міста Кривого Рогу"
148177,"Центр: місто Кривий Ріг, Центрально-Міський район",88,33,"Дзержинський район, частина Інгулецького (виборчі дільниці № 121611 – 121619, 121636), частина Саксаганського (виборчі дільниці № 121684 – 121689) районів, Центрально-Міський район міста Кривого Рогу, селище Авангард Криворізької міської ради",33,"Дзержинський, Інгулецький, Центрально-Міський райони в місті Кривому Розі, селище Авангард Криворізької міської ради"
156272,Центр: смт Царичанка,137,34,"міста Вільногірськ, Жовті Води, Верхньодніпровський, П’ятихатський, Царичанський райони",34,"Верхньодніпровський, П'ятихатський райони, міста Вільногірськ, Жовті Води, село Суха Балка Жовтоводської міської ради"
168766,Центр: місто Нікополь,112,35,"міста Нікополь, Орджонікідзе, Нікопольський район",35,"Нікопольський район, міста Марганець, Нікополь, смт Мар'ївка, селище Максимівка Марганецької міської ради"
157557,Центр: місто Павлоград,104,36,"міста Павлоград, Першотравенськ, Тернівка, Павлоградський район",36,"Павлоградський, Петропавлівський, Юр'ївський райони, міста Павлоград, Першотравенськ, Тернівка, село Зелена Долина Тернівської міської ради"
152887,Центр: місто Кривий Ріг,146,37,"частина Інгулецького (виборчі дільниці № 121620 – 121635, 121637), частина Тернівського (виборча дільниця № 121729) районів міста Кривого Рогу, Апостолівський, Криворізький, Софіївський, Широківський райони",37,"Апостолівський, Криворізький, Софіївський, Широківський райони, місто Орджонікідзе, селища міського типу Гірницьке, Чортомлик Орджонікідзевської міської ради"
149013,Центр: місто Новомосковськ,137,38,"місто Новомосковськ, Магдалинівський, Новомосковський, Юр’ївський райони",38,"місто Новомосковськ, Магдалинівский, Новомосковський, Петриківський, Царичанський райони"
153188,Центр: смт Васильківка,157,39,"місто Синельникове, Васильківський, Межівський, Петропавлівський, Покровський, Синельниківський райони",39,"місто Синельникове, Васильківський, Межівський, Покровський, Синельниківський райони"
147371,Центр: смт Кринички,129,40,"місто Марганець, частина Заводського району міста Дніпродзержинська (виборчі дільниці № 121022 – 121027, 121029, 121031 –121035, 121039, 121044, 121045), Криничанський, Солонянський, Томаківський райони",35,"Нікопольський район, міста Марганець, Нікополь, смт Мар'ївка, селище Максимівка Марганецької міської ради"
145618,"Центр: місто Донецьк, Будьонівський район",88,41,"Будьонівський, Пролетарський райони міста Донецька",41,"Будьоннівський, Пролетарський райони в місті Донецьку"
139708,"Центр: місто Донецьк, Ворошиловський район",86,42,"Ворошиловський, Калінінський райони, частина Куйбишевського району міста Донецька (виборчі дільниці № 141833, 141836 – 141842)",42,"Ворошиловський, Калінінський райони в місті Донецьку"
152039,"Центр: місто Донецьк, Ленінський район",98,43,"Ленінський район, частина Кіровського (виборчі дільниці № 141805 – 141811), частина Куйбишевського (виборчі дільниці № 141827 –141832, 141834, 141835, 141843 – 141871, 141873, 141874) районів міста Донецька",43,"Куйбишевський, Ленінський райони в місті Донецьку"
156857,"Центр: місто Донецьк, Кіровський район",99,44,"Петровський район, частина Кіровського району міста Донецька (виборчі дільниці № 141763 – 141804, 141812 – 141826)",44,"Кіровський, Петровський райони в місті Донецьку"
165208,"Центр: місто Донецьк, Київський район",110,45,"міста Авдіївка, Ясинувата, Київський район міста Донецька, Ясинуватський район",45,"Ясинуватський район, Київський район у місті Донецьку, міста Авдіївка, Ясинувата"
152665,Центр: місто Артемівськ,153,46,"міста Артемівськ, Красний Лиман, Артемівський район",46,"міста Артемівськ, Красний Лиман, Артемівський, Краснолиманський райони"
140858,Центр: місто Слов’янськ,113,47,"місто Слов’янськ, Олександрівський, Слов’янський райони",47,"Слов'янський, Олександрівський райони, місто Слов'янськ"
152897,Центр: місто Краматорськ,89,48,місто Краматорськ,48,місто Краматорськ
152298,Центр: місто Костянтинівка,128,49,"міста Дружківка, Костянтинівка, Костянтинівський, Красноармійський райони",50,"Костянтинівський, Красноармійський райони, міста Костянтинівка, Красноармійськ"
160664,Центр: місто Красноармійськ,116,50,"міста Димитров, Добропілля, Красноармійськ, Добропільський район",49,"Добропільський район, міста Димитров, Добропілля, Дружківка"
143237,"Центр: місто Горлівка, Центрально-Міський район",95,51,"Микитівський, Центрально-Міський райони міста Горлівки",51,"Микитівський, Центрально-Міський райони в місті Горлівці"
156353,Центр: місто Дзержинськ,109,52,"міста Дебальцеве, Дзержинськ, Калінінський район міста Горлівки",52,"Калінінський район у місті Горлівці, міста Дебальцеве, Дзержинськ"
166532,Центр: місто Єнакієве,116,53,"міста Єнакієве, Торез",53,"міста Єнакієве, Жданівка, Кіровське"
149091,Центр: місто Шахтарськ,123,54,"міста Харцизьк, Шахтарськ, Шахтарський район",55,"міста Харцизьк, Шахтарськ"
158098,"Центр: місто Макіївка, Гірницький район",121,55,"міста Жданівка, Кіровське, Гірницький, Совєтський райони міста Макіївки",56,"Гірницький, Совєтський райони в місті Макіївці"
160587,"Центр: місто Макіївка, Центрально-Міський район",112,56,"Кіровський, Червоногвардійський, Центрально-Міський райони міста Макіївки",57,"Кіровський, Центрально-Міський, Червоногвардійський райони в місті Макіївці"
166968,"Центр: місто Маріуполь, Іллічівський район",116,57,"Іллічівський, Орджонікідзевський райони міста Маріуполя",58,"Іллічівський, Орджонікідзевський райони в місті Маріуполі"
166899,"Центр: місто Маріуполь, Жовтневий район",99,58,"Жовтневий, Приморський райони міста Маріуполя",59,"Жовтневий, Приморський райони в місті Маріуполі"
166314,Центр: місто Мар’їнка,155,59,"міста Вугледар, Новогродівка, Селидове, Великоновосілківський, Мар'їнський райони",60,"Великоновосілківський, Мар'їнський райони, міста Новогродівка, Селидове"
163417,Центр: місто Волноваха,161,60,"Волноваський, Володарський, Новоазовський, Першотравневий, Тельманівський райони",61,"Волноваський, Володарський, Першотравневий райони, міста Вугледар, Докучаєвськ"
146186,Центр: смт Старобешеве,138,61,"міста Докучаєвськ, Сніжне, Амвросіївський, Старобешівський райони",61,"Волноваський, Володарський, Першотравневий райони, міста Вугледар, Докучаєвськ"
171843,Центр: місто Житомир,105,62,"частина Богунського району (виборчі дільниці № 181338 –181372, 181382 – 181386, 181388, 181389, 181399 – 181403), Корольовський район міста Житомира",63,"Богунський, Корольовський райони в місті Житомирі"
165278,Центр: місто Бердичів,225,63,"місто Бердичів, Андрушівський, Бердичівський, Попільнянський, Ружинський райони",64,"Бердичівський, Любарський, Романівський, Чуднівський райони, місто Бердичів"
164049,Центр: місто Коростень,306,64,"місто Коростень, Коростенський, Лугинський, Овруцький, Олевський райони",65,"Коростенський, Лугинський, Овруцький, Олевський райони, місто Коростень"
156191,Центр: місто Новоград-Волинський,278,65,"місто Новоград-Волинський, Баранівський, Ємільчинський, Новоград-Волинський, Червоноармійський райони",66,"Баранівський, Ємільчинський, Новоград-Волинський, Червоноармійський райони, місто Новоград-Волинський"
169367,Центр: місто Малин,298,66,"місто Малин, Брусилівський, Володарсько-Волинський, Коростишівський, Малинський, Народицький, Радомишльський, Черняхівський райони",67,"Володарсько-Волинський, Коростишівський, Малинський, Народицький, Радомишльський, Черняхівський райони, місто Малин"
167444,Центр: місто Чуднів,248,67,"частина Богунського району міста Житомира (виборчі дільниці № 181373 – 181381, 181387, 181390 – 181398), Житомирський, Любарський, Романівський, Чуднівський райони",63,"Богунський, Корольовський райони в місті Житомирі"
154294,Центр: місто Ужгород,143,68,"міста Ужгород, Чоп, Ужгородський район",69,"Ужгородський район, міста Ужгород, Чоп"
158352,Центр: місто Мукачево,133,69,"місто Мукачеве, частина Берегівського (виборчі дільниці № 210003 – 210005, 210012, 210013, 210015, 210017, 210019, 210021, 210029 – 210032, 210035), частина Іршавського (виборчі дільниці № 210172 –210180, 210203 – 210212, 210223 – 210228), частина Мукачівського (виборчі дільниці № 210303 – 210330, 210332 – 210339, 210343 – 210345, 210347 – 210365) районів",70,"Мукачівський район, місто Мукачеве"
165311,Центр: місто Свалява,211,70,"Великоберезнянський, Воловецький, Міжгірський, Перечинський, Свалявський райони, частина Мукачівського району (виборчі дільниці № 210278 – 210302, 210331, 210340 – 210342, 210346)",71,"Великоберезнянський, Воловецький, Міжгірський, Перечинський, Свалявський райони"
153967,Центр: місто Хуст,103,71,"місто Хуст, Хустський район, частина Іршавського (виборчі дільниці № 210168 –210171, 210181 – 210183, 210185 – 210190, 210192 – 210195, 210198 – 210202), частина Тячівського (виборчі дільниці № 210479 –210481, 210504, 210516, 210522 – 210524, 210529, 210534, 210535, 210537, 210538) районів",72,"Іршавський, Хустський райони, місто Хуст"
173205,Центр: місто Тячів,103,72,"Рахівський район, частина Тячівського району (виборчі дільниці № 210474 – 210478, 210482 – 210503, 210505 – 210515, 210517 – 210521, 210525 – 210528, 210530 – 210533, 210536, 210539 – 210547)",73,"Рахівський, Тячівський райони"
146913,Центр: місто Виноградів,114,73,"місто Берегове, Виноградівський район, частина Берегівського (виборчі дільниці № 210001, 210002, 210006 – 210011, 210014, 210016, 210018, 210020, 210022 – 210028, 210033, 210034, 210036), частина Іршавського (виборчі дільниці № 210184, 210191, 210196, 210197, 210213 – 210222) районів",74,"Берегівський, Виноградівський райони, місто Берегове"
140199,"Центр: місто Запоріжжя, Комунарський район",74,74,"Комунарський район, частина Жовтневого району міста Запоріжжя (виборчі дільниці № 230811, 230814, 230820 – 230832, 230834 – 230836)",75,"Жовтневий, Комунарський райони в місті Запоріжжі"
161477,"Центр: місто Запоріжжя, Ленінський район",80,75,"Заводський, Ленінський райони міста Запоріжжя",76,"Заводський, Ленінський райони в місті Запоріжжі"
165579,"Центр: місто Запоріжжя, Орджонікідзевський район",90,76,"Орджонікідзевський, Хортицький райони міста Запоріжжя",77,"Орджонікідзевський, Хортицький райони в місті Запоріжжі"
141599,"Центр: місто Запоріжжя, Шевченківський район",73,77,"Шевченківський район, частина Жовтневого району міста Запоріжжя (виборчі дільниці № 230809, 230810, 230812, 230813, 230815 –230819)",78,Шевченківський район у місті Запоріжжі
159239,Центр: місто Бердянськ,139,78,"місто Бердянськ з населеними пунктами Бердянської міської ради, Бердянський, Куйбишевський, Розівський, Чернігівський райони",79,"Бердянський, Куйбишевський, Розівський, Чернігівський райони, місто Бердянськ"
174945,Центр: місто Василівка,149,79,"місто Енергодар, Василівський, Великобілозерський, Кам’янсько-Дніпровський райони, частина Оріхівського району (виборчі дільниці № 230376 – 230386, 230388 – 230392, 230394 – 230399, 230401 –230406, 230408 – 230414)",80,"Василівський, Великобілозерський, Кам'янсько-Дніпровський, Оріхівський райони, місто Енергодар"
164565,Центр: місто Мелітополь,112,80,"місто Мелітополь, Мелітопольський район",81,"Мелітопольський район, місто Мелітополь"
164855,Центр: місто Токмак,231,81,"місто Токмак, Веселівський, Михайлівський, Приазовський, Приморський, Токмацький, Якимівський райони",82,"Веселівський, Михайлівський, Приазовський, Приморський, Токмацький, Якимівський райони, місто Токмак"
158044,Центр: місто Пологи,176,82,"Гуляйпільський, Вільнянський, Запорізький, Новомиколаївський, Пологівський райони, частина Оріхівського району (виборчі дільниці № 230387, 230393, 230400, 230407)",83,"Вільнянський, Гуляйпільський, Запорізький, Новомиколаївський, Пологівський райони"
163986,Центр: місто Івано-Франківськ,100,83,"частина міста Івано-Франківська (виборчі дільниці № 260855 – 260884, 260887 – 260907, 260911 – 260917, 260919 – 260943, 260946 – 260960, 261040)",84,місто Івано-Франківськ (з населеними пунктами Івано-Франківської міської ради)
161917,Центр: місто Тисмениця,192,84,"місто Бурштин, частина міста Івано-Франківська (виборчі дільниці № 260885, 260886, 260908 – 260910, 260918, 260944, 260945, 261037), Тисменицький, Тлумацький райони, частина Галицького району (виборчі дільниці № 260087 – 260089, 260099 – 260105, 260110 – 260129, 260131, 260132, 260134 – 260139, 260141 – 260153, 260155 – 260162, 260164, 261038)",86,"міста Бурштин, Калуш, Галицький, Калуський, Рогатинський райони"
141904,Центр: місто Калуш,166,85,"місто Калуш, Калуський, Рогатинський райони, частина Галицького району (виборчі дільниці № 260106 – 260109, 260130, 260133, 260140, 260154)",86,"міста Бурштин, Калуш, Галицький, Калуський, Рогатинський райони"
147178,Центр: місто Долина,140,86,"місто Болехів з населеними пунктами Болехівської міської ради, Долинський, Рожнятівський райони, частина Богородчанського району (виборчі дільниці № 260008, 260009, 260014, 260015, 260020 – 260023, 260027, 260034 – 260039, 260045, 260046)",87,"Богородчанський, Долинський, Рожнятівський райони, місто Болехів (з населеними пунктами Болехівської міської ради)"
147784,Центр: місто Надвірна,117,87,"місто Яремче з населеними пунктами Яремчанської міської ради, Надвірнянський район, частина Богородчанського (виборчі дільниці № 260001 – 260007, 260010 – 260013, 260016 – 260019, 260024 – 260026, 260028 – 260033, 260040 – 260044), частина Коломийського (виборчі дільниці № 260329 – 260338, 260408) районів",88,"Верховинський, Надвірнянський райони, місто Яремче (з населеними пунктами Яремчанської міської ради)"
158369,Центр: місто Коломия,161,88,"місто Коломия, Городенківський район, частина Коломийського району (виборчі дільниці № 260339 – 260407, 260409 – 260411)",89,"Коломийський район, місто Коломия"
143162,Центр: місто Снятин,159,89,"Верховинський, Косівський, Снятинський райони",90,"Косівський, Снятинський райони"
157126,Центр: місто Біла Церква,98,90,місто Біла Церква,91,"Білоцерківський район, місто Біла Церква"
149227,Центр: смт Макарів,165,91,"місто Фастів, Макарівський, Фастівський райони, частина Києво-Святошинського (виборчі дільниці № 320562, 320578 – 320582, 320597, 320598, 320607 – 320609, 320612 – 320614, 320617, 320618, 320624, 320628 – 320640, 320642), частина Сквирського (виборчі дільниці № 320872 –320874, 320878, 320879, 320883 – 320885, 320887 – 320889, 320893, 320894, 320896 – 320900, 320902, 320903) районів",92,"місто Фастів, Макарівський, Фастівський райони"
152726,Центр: місто Узин,215,92,"Білоцерківський, Володарський, Ставищенський, Таращанський, Тетіївський райони, частина Сквирського району (виборчі дільниці № 320862 – 320871, 320875 – 320877, 320880, 320881, 320886, 320890 – 320892, 320895, 320901, 320904 – 320909)",93,"Володарський, Сквирський, Ставищенський, Таращанський, Тетіївський райони"
144040,Центр: місто Миронівка,181,93,"міста Переяслав-Хмельницький, Ржищів, Богуславський, Кагарлицький, Миронівський, Рокитнянський райони",94,"місто Ржищів, Богуславський, Кагарлицький, Миронівський, Рокитнянський райони"
150954,Центр: місто Обухів,135,94,"міста Васильків, Обухів, Васильківський, Обухівський райони",95,"міста Васильків, Обухів, Васильківський, Обухівський райони"
166002,Центр: місто Ірпінь,94,95,"місто Ірпінь, частина Києво-Святошинського району (виборчі дільниці № 320559 – 320561, 320563 – 320577, 320583 – 320596, 320599 – 320606, 320610, 320611, 320615, 320616, 320619 – 320623, 320625 – 320627, 320641, 320643, 320644, 321402 – 321406)",96,"міста Буча, Ірпінь, Києво-Святошинський район"
180546,Центр: місто Вишгород,196,96,"міста Буча, Славутич, Бородянський, Вишгородський, Іванківський, Поліський райони",96,"міста Буча, Ірпінь, Києво-Святошинський район"
176559,Центр: місто Бровари,135,97,"міста Березань, Бровари, Баришівський район, частина Броварського району (виборчі дільниці № 320226 – 320250, 320253 – 320272, 320276, 320277)",98,"міста Березань, Бровари, Славутич, Баришівський, Броварський райони"
176346,Центр: місто Яготин,184,98,"місто Бориспіль, Бориспільський, Згурівський, Переяслав-Хмельницький, Яготинський райони, частина Броварського району (виборчі дільниці № 320251, 320252, 320273 – 320275)",99,"міста Бориспіль, Переяслав-Хмельницький, Бориспільський, Згурівський, Переяслав-Хмельницький, Яготинський райони"
170245,"Центр: місто Кіровоград, Ленінський район",111,99,"частина Кіровського (виборчі дільниці № 350814 – 350869, 350874, 350875, 350882 – 350890), частина Ленінського (виборчі дільниці № 350894 – 350936) районів міста Кіровограда",100,місто Кіровоград
152720,Центр: місто Бобринець,232,100,"частина Кіровського (виборчі дільниці № 350876 – 350881), частина Ленінського (виборчі дільниці № 350892, 350893) районів міста Кіровограда, Бобринецький, Вільшанський, Добровеличківський, Кіровоградський, Компаніївський, Новоукраїнський райони, смт Нове Кіровоградської міської ради (виборчі дільниці № 350870 – 350873, 350891)",101,"Бобринецький, Кіровоградський, Компаніївський, Маловисківський, Новоукраїнський, Устинівський райони"
147876,Центр: смт Голованівськ,203,101,"Гайворонський, Голованівський, Маловисківський, Новоархангельський, Новомиргородський, Ульяновський райони",102,"Вільшанський, Гайворонський, Голованівський, Добровеличківський, Новоархангельський, Ульяновський райони"
148518,Центр: місто Знам’янка,190,102,"міста Знам’янка, Світловодськ, Знам’янський, Новгородківський, Олександрівський, Онуфріївський, Світловодський райони",103,"міста Знам'янка, Світловодськ, Знам'янський, Новомиргородський, Олександрівський, Онуфріївський, Світловодський райони"
151805,Центр: місто Олександрія,187,103,"місто Олександрія, Долинський, Олександрійський, Петрівський, Устинівський райони",104,"місто Олександрія, Долинський, Новгородківський, Олександрійський, Петрівський райони"
172517,"Центр: місто Луганськ, Артемівський район",109,104,"Артемівський район, частина Кам’янобрідського району міста Луганська (виборчі дільниці № 441414 – 441418, 441433), частина Лутугинського району (виборчі дільниці № 440170 – 440178, 440186 – 440198, 440201 – 440203, 440206 – 440215)",105,"Артемівський, Кам'янобрідський райони в місті Луганську"
167207,"Центр: місто Луганськ, Жовтневий район",96,105,"Жовтневий район, частина Кам’янобрідського району міста Луганська (виборчі дільниці № 441419 – 441432)",106,Жовтневий район у місті Луганську
152282,Центр: місто Сєвєродонецьк,108,106,"місто Сєвєродонецьк, частина міста Стаханова (виборчі дільниці № 441212 – 441232, 441249 – 441251, 441258 – 441260, 441262), частина Попаснянського району (виборчі дільниці № 440393 – 440421, 440424)",113,"міста Рубіжне, Сєвєродонецьк (з населеними пунктами Сєвєродонецької міської ради)"
161732,Центр: місто Лисичанськ,92,107,"місто Лисичанськ, частина міста Стаханова (виборчі дільниці № 441233 – 441248, 441252 – 441257), частина міста Первомайська (виборчі дільниці № 440975 – 440980, 440987, 440988), частина Попаснянського району (виборчі дільниці № 440381 – 440392, 440422, 440423)",110,"Попаснянський район, міста Кіровськ (з населеними пунктами Кіровської міської ради), Лисичанськ (з населеними пунктами Лисичанської міської ради)"
151586,Центр: місто Красний Луч,142,108,"місто Красний Луч, Перевальський район",109,"Перевальський район, місто Красний Луч (з населеними пунктами Краснолуцької міської ради)"
162865,Центр: місто Краснодон,150,109,"місто Краснодон, Ленінський район міста Луганська, Краснодонський район",108,"Краснодонський район, місто Краснодон (з населеними пунктами Краснодонської міської ради), Ленінський район у місті Луганську"
169332,Центр: місто Алчевськ,131,110,"міста Алчевськ, Антрацит, частина Антрацитівського (виборчі дільниці № 440009 – 440013, 440015 – 440020, 440028), частина Лутугинського (виборчі дільниці № 440179 – 440185, 440199, 440200, 440204, 440205) районів",107,"міста Алчевськ, Брянка (з населеними пунктами Брянківської міської ради)"
164849,Центр: місто Свердловськ,144,111,"міста Свердловськ, Ровеньки, частина Антрацитівського району (виборчі дільниці № 440001 – 440006, 440008, 440014, 440021 – 440027, 440029 – 440034)",112,"Свердловський район, міста Свердловськ (з населеними пунктами Свердловської міської ради), Ровеньки (з населеними пунктами Ровеньківської міської ради)"
151115,Центр: місто Рубіжне,105,112,"міста Рубіжне, Кіровськ, Брянка, частина міста Первомайська (виборчі дільниці № 440981 – 440986, 440989 – 441003, 441005 – 441015)",116,"міста Первомайськ (з населеними пунктами Первомайської міської ради), Стаханов (з населеними пунктами Стахановської міської ради)"
153504,Центр: місто Сватове,200,113,"Білокуракинський, Кремінський, Новоайдарський, Сватівський, Старобільський, Троїцький райони",114,"Біловодський, Марківський, Міловський, Новопсковський, Слов'яносербський, Станично-Луганський райони"
149945,Центр: смт Станиця Луганська,197,114,"Біловодський, Марківський, Міловський, Новопсковський, Слов’яносербський, Станично-Луганський райони",115,"Білокуракінський, Кремінський, Новоайдарський, Сватівський, Старобільський, Троїцький райони"
166644,"Центр: місто Львів, Сихівський район",94,115,"Сихівський район, частина Личаківського району міста Львова (виборчі дільниці № 461925 – 461928, 461931, 461935, 461936, 461940 – 461942, 461947 – 461950, 461954 – 461959, 461962 – 461975)",117,"Галицький, Залізничний райони в місті Львові"
174834,"Центр: місто Львів, Залізничний район",80,116,"Залізничний район, частина Шевченківського району міста Львова (виборчі дільниці № 462109 – 462113, 462119 – 462129, 462137 – 462150, 462154)",118,Сихівський район в місті Львові
168048,"Центр: місто Львів, Франківський район",96,117,"Галицький, Франківський райони, частина Шевченківського району міста Львова (виборчі дільниці № 462130 – 462136, 462153)",119,Франківський район у місті Львові
169758,"Центр: місто Львів, Личаківський район",137,118,"частина Личаківського (виборчі дільниці № 461929, 461930, 461932 – 461934, 461937 – 461939, 461943 – 461946, 461951 – 461953, 461960, 461961), частина Шевченківського (виборчі дільниці № 462095 – 462108, 462114 – 462118, 462151, 462152) районів міста Львова, Пустомитівський район",120,"Личаківський, Шевченківський райони в місті Львові"
152557,Центр: місто Броди,248,119,"Бродівський, Буський, Радехівський райони, частина Кам’янка-Бузького району (виборчі дільниці № 460614 – 460618, 460622, 460623, 460625 – 460643, 460649 – 460653, 460658, 460663, 460664, 460670 – 460679)",123,"Бродівський, Буський, Золочівський, Перемишлянський райони"
152875,Центр: місто Городок,247,120,"Городоцький, Мостиський райони, частина Самбірського району (виборчі дільниці № 461059 – 461136, 461140 – 461147)",124,"Городоцький, Мостиський, Яворівський райони"
173199,Центр: місто Дрогобич,142,121,"міста Борислав, Дрогобич, Трускавець, Дрогобицький район",127,"Дрогобицький район, міста Борислав, Дрогобич, Трускавець"
175792,Центр: місто Яворів,206,122,"Жовківський, Яворівський райони",122,"Жовківський, Кам'янка-Бузький райони"
155985,Центр: місто Перемишляни,251,123,"місто Новий Розділ, Золочівський, Миколаївський, Перемишлянський райони",125,"Миколаївський, Пустомитівський райони, місто Новий Розділ"
148096,Центр: місто Сокаль,157,124,"місто Червоноград, Сокальський район, частина Кам’янка-Бузького району (виборчі дільниці № 460619 – 460621, 460624, 460644 –460648, 460654, 460656, 460657, 460659 – 460662, 460665 – 460669)",121,"Радехівський, Сокальський райони; місто Червоноград"
163041,Центр: місто Старий Самбір,261,125,"місто Самбір, Сколівський, Старосамбірський, Турківський райони, частина Самбірського району (виборчі дільниці № 461137 – 461139)",126,"Самбірський, Старосамбірський, Турківський райони, місто Самбір"
151609,Центр: місто Стрий,220,126,"міста Моршин, Стрий, Жидачівський, Стрийський райони",128,"міста Моршин, Стрий, Жидачівський, Сколівський, Стрийський райони"
149767,"Центр: місто Миколаїв, Заводський район",126,127,"місто Очаків, Заводський район міста Миколаєва, Миколаївський, Очаківський райони",129,"Заводський, Центральний райони в місті Миколаєві"
169216,"Центр: місто Миколаїв, Ленінський район",91,128,"Ленінський, Корабельний райони міста Миколаєва",130,"Корабельний, Ленінський райони в місті Миколаєві"
146971,"Центр: місто Миколаїв, Центральний район",106,129,"Центральний район міста Миколаєва, Жовтневий район",130,"Корабельний, Ленінський райони в місті Миколаєві"
144545,Центр: місто Баштанка,233,130,"Баштанський, Березнегуватський, Казанківський, Новобузький, Новоодеський, Снігурівський райони",132,"Березанський, Веселинівський, Миколаївський, Новоодеський, Очаківський райони, місто Очаків"
157945,Центр: місто Вознесенськ,190,131,"міста Вознесенськ, Южноукраїнськ, Березанський, Веселинівський, Вознесенський, Доманівський, Єланецький райони",133,"Вознесенський, Врадіївський, Доманівський, Єланецький райони, міста Вознесенськ, Южноукраїнськ"
144049,Центр: місто Первомайськ,184,132,"місто Первомайськ, Арбузинський, Братський, Врадіївський, Кривоозерський, Первомайський райони",134,"Арбузинський, Братський, Кривоозерський, Первомайський райони, місто Первомайськ"
173276,"Центр: місто Одеса, Київський район",86,133,Київський район міста Одеси,135,Київський район у місті Одесі
171882,"Центр: місто Одеса, Малиновський район",85,134,"частина Малиновського району міста Одеси (виборчі дільниці № 511159 – 511218, 511220, 511222 – 511244)",136,Малиновський район у місті Одесі
176565,"Центр: місто Одеса, Приморський район",98,135,Приморський район міста Одеси,137,Приморський район у місті Одесі
177250,"Центр: місто Одеса, Суворовський район",89,136,"частина Малиновського (виборчі дільниці № 511219, 511221), частина Суворовського (виборчі дільниці № 511340 – 511365, 511374 – 511434) районів міста Одеси",138,Суворовський район у місті Одесі
139235,Центр: місто Котовськ,202,137,"місто Котовськ, Балтський, Кодимський, Котовський, Красноокнянський, Савранський райони",139,"місто Котовськ, Балтський, Кодимський, Котовський, Красноокнянський райони"
150862,Центр: смт Ширяєве,242,138,"Ананьївський, Березівський, Іванівський, Любашівський, Миколаївський, Ширяївський райони, частина Комінтернівського району (виборчі дільниці № 510473 – 510498, 510521, 510522)",140,"Ананьївський, Великомихайлівський, Любашівський, Миколаївський, Савранський, Фрунзівський, Ширяївський райони"
172210,Центр: місто Роздільна,141,139,"місто Южне, частина Суворовського району міста Одеси (виборчі дільниці № 511366 – 511373), Великомихайлівський, Роздільнянський, Фрунзівський райони, частина Біляївського (виборчі дільниці № 510222, 510223, 510230, 510237, 510238, 510241 – 510243, 510246, 510248, 510249, 510252, 510257, 510263 – 510265, 510268, 510269, 510276, 510277), частина Комінтернівського (виборчі дільниці № 510499 – 510520, 510523, 511443) районів",141,"місто Южне, Березівський, Іванівський, Комінтернівський, Роздільнянський райони"
179688,Центр: місто Біляївка,111,140,"міста Іллічівськ, Теплодар, Овідіопольський район, частина Біляївського району (виборчі дільниці № 510224 – 510229, 510231 – 510236, 510239, 510240, 510244, 510245, 510247, 510250, 510251, 510253 – 510256, 510258 – 510262, 510266, 510267, 510270 – 510275, 510278 – 510282)",142,"Біляївський, Овідіопольський райони, міста Іллічівськ, Теплодар"
154631,Центр: місто Татарбунари,145,141,"місто Білгород-Дністровський, Білгород-Дністровський, Татарбунарський райони, частина Кілійського району (виборчі дільниці № 510407 – 510423, 510425 – 510428, 510431, 510435, 510439, 510440)",143,"Білгород-Дністровський, Саратський, Татарбунарський райони, місто Білгород-Дністровський (з населеними пунктами Білгород-Дністровської міської ради)"
158840,Центр: місто Арциз,154,142,"Арцизький, Саратський, Тарутинський райони, частина Болградського (виборчі дільниці № 510283 – 510290, 510296, 510298 –510315, 510317, 510318), частина Кілійського (виборчі дільниці № 510424, 510429, 510430, 510432 – 510434, 510436 – 510438) районів",144,"Арцизький, Болградський, Ренійський, Тарутинський райони"
143326,Центр: місто Ізмаїл,127,143,"місто Ізмаїл, Ізмаїльський, Ренійський райони, частина Болградського району (виборчі дільниці № 510291 – 510295, 510297, 510316)",145,"Ізмаїльський, Кілійський райони, місто Ізмаїл"
150038,"Центр: місто Полтава, Октябрський район",85,144,"Ленінський, Октябрський райони міста Полтави",146,"Київський, Ленінський райони в місті Полтаві"
152724,"Центр: місто Полтава, Київський район",131,145,"Київський район міста Полтави, Котелевський, Полтавський райони",147,"Полтавський район, Октябрський район у місті Полтаві"
144027,Центр: місто Кременчук,85,146,"частина Автозаводського району (виборчі дільниці № 531040 –531085, 531099, 531100), Крюківський район міста Кременчука",148,"Автозаводський, Крюківський райони в місті Кременчук"
142310,Центр: місто Миргород,188,147,"місто Миргород, Диканський, Зіньківський, Миргородський, Решетилівський, Шишацький райони",150,"Великобагачанський, Диканський, Зіньківський, Котелевський, Миргородський, Шишацький райони, місто Миргород"
150409,Центр: місто Лубни,219,148,"місто Лубни, Великобагачанський, Оржицький, Семенівський, Хорольський райони, частина Лубенського району (виборчі дільниці № 530474 – 530494, 530504 – 530506, 530522 – 530531)",149,"Лубенський, Оржицький, Семенівський, Хорольський райони, місто Лубни"
146270,Центр: місто Карлівка,216,149,"Карлівський, Кобеляцький, Козельщинський, Машівський, Новосанжарський, Чутівський райони",152,"Карлівський, Кобеляцький, Машівський, Новосанжарський, Решетилівський, Чутівський райони"
147289,Центр: місто Комсомольськ,129,150,"місто Комсомольськ, частина Автозаводського району міста Кременчука (виборчі дільниці № 531086 – 531098), Глобинський, Кременчуцький райони",151,"Глобинський, Козельщинський, Кременчуцький райони, місто Комсомольськ"
143457,Центр: місто Лохвиця,217,151,"Гадяцький, Гребінківський, Лохвицький, Пирятинський, Чорнухинський райони, частина Лубенського району (виборчі дільниці № 530495 – 530503, 530507 – 530521)",153,"Гадяцький, Гребінківський, Лохвицький, Пирятинський, Чорнухинський райони"
168327,Центр: місто Рівне,95,152,"частина міста Рівного (виборчі дільниці № 560901 – 560913, 560915 – 560974, 560984 – 561004)",154,місто Рівне
174638,Центр: місто Рівне,230,153,"місто Острог, частина міста Рівного (виборчі дільниці № 560975 – 560983), Гощанський, Корецький, Острозький, Рівненський райони",155,"Гощанський, Корецький, Острозький, Рівненський райони, місто Острог"
178145,Центр: місто Дубно,263,154,"місто Дубно, Демидівський, Дубенський, Здолбунівський, Млинівський, Радивилівський райони",156,"Демидівський, Дубенський, Здолбунівський, Млинівський, Радивилівський райони, місто Дубно"
174741,Центр: місто Дубровиця,212,155,"місто Кузнецовськ, Володимирецький, Дубровицький, Зарічненський, Рокитнівський райони",157,"Володимирецький, Дубровицький, Зарічненський, Рокитнівський райони, місто Кузнецовськ"
169476,Центр: місто Сарни,200,156,"Березнівський, Костопільський, Сарненський райони",158,"Березнівський, Костопільський, Сарненський райони"
173941,Центр: місто Суми,100,157,"Ковпаківський район, частина Зарічного району міста Сум (виборчі дільниці № 590884 – 590895, 590926 – 590943, 591015), село Піщане Сумської міської ради з населеними пунктами Піщанської сільської ради",159,"Зарічний, Ковпаківський райони в місті Сумах"
171436,Центр: місто Білопілля,190,158,"частина Зарічного району міста Сум (виборчі дільниці № 590896 – 590925, 590944 – 590946), Білопільський, Краснопільський, Сумський райони",160,"Білопільський, Лебединський, Сумський райони, місто Лебедин"
141390,Центр: місто Глухів,223,159,"місто Глухів, Глухівський, Путивльський, Середино-Будський, Ямпільський райони, частина Кролевецького (виборчі дільниці № 590260 –590274, 590276 – 590278, 590280, 590282 – 590284, 590287, 590288, 590291, 590295 – 590299), частина Конотопського (виборчі дільниці № 590176, 590177, 590181 – 590183, 590185, 590186, 590188, 590190 – 590192, 590196 –590198, 590210, 590213), частина Шосткінського (виборчі дільниці № 590679 – 590688, 590694 – 590699) районів",161,"Глухівський, Середино-Будський, Шосткинський, Ямпільський райони, міста Глухів, Шостка"
142355,Центр: місто Шостка,96,160,"міста Конотоп, Шостка, частина Конотопського (виборчі дільниці № 590179, 590180, 590200, 590207, 590208), частина Кролевецького (виборчі дільниці № 590275, 590279, 590281, 590285, 590286, 590289, 590290, 590292 – 590294), частина Шосткінського (виборчі дільниці № 590675 –590678, 590689 – 590693, 590700 – 590703) районів",162,"Конотопський, Кролевецький, Путивльський райони, місто Конотоп"
143415,Центр: місто Ромни,225,161,"місто Ромни, Буринський, Липоводолинський, Недригайлівський, Роменський райони, частина Конотопського району (виборчі дільниці № 590172 – 590175, 590178, 590184, 590187, 590189, 590193 – 590195, 590199, 590201 – 590206, 590209, 590211, 590212, 590214 –590218)",163,"Буринський, Липоводолинський, Недригайлівський, Роменський райони, місто Ромни"
143213,Центр: місто Охтирка,171,162,"міста Лебедин, Охтирка, Великописарівський, Лебединський, Охтирський, Тростянецький райони",164,"Великописарівський, Краснопільський, Охтирський, Тростянецький райони, місто Охтирка"
172365,Центр: місто Тернопіль,86,163,частина міста Тернополя (виборчі дільниці № 611096 – 611181),165,місто Тернопіль
172620,Центр: місто Збараж,307,164,"Збаразький, Лановецький, Підволочиський, Шумський райони, частина Кременецького району (виборчі дільниці № 610544 – 610552, 610554 – 610587, 610591, 610592, 610596 – 610604, 610607, 610609, 610610, 610613 – 610616)",166,"Збаразький, Кременецький, Лановецький, Підволочиський, Шумський райони"
175035,Центр: місто Зборів,308,165,"частина міста Тернополя (виборчі дільниці № 611092 – 611095), Бережанський, Зборівський, Козівський, Підгаєцький, Тернопільський райони, частина Кременецького району (виборчі дільниці № 610542, 610543, 610553, 610588 – 610590, 610593 – 610595, 610605, 610606, 610608, 610611, 610612)",167,"Бережанський, Зборівський, Козівський, Підгаєцький, Тернопільський райони"
170390,Центр: місто Теребовля,271,166,"Бучацький, Гусятинський, Монастириський, Теребовлянський райони",168,"Бучацький, Гусятинський, Монастириський, Теребовлянський райони"
150664,Центр: місто Чортків,211,167,"місто Чортків, Борщівський, Заліщицький, Чортківський райони",169,"Борщівський, Заліщицький, Чортківський райони, місто Чортків"
161085,"Центр: місто Харків, Дзержинський район",88,168,Дзержинський район міста Харкова,170,Дзержинський район у місті Харкові
162806,"Центр: місто Харків, Київський район",100,169,"Київський район, частина Московського району міста Харкова (виборчі дільниці № 631415 – 631421, 631481 – 631484, 631525 – 631527)",171,Київський район у місті Харкові
158650,"Центр: місто Харків, Московський район",82,170,"частина Московського району міста Харкова (виборчі дільниці № 631422 – 631446, 631451 – 631461, 631467 – 631480, 631485 – 631492, 631506 – 631524, 631528 – 631532)",172,Московський район у місті Харкові
154866,"Центр: місто Харків, Фрунзенський район",83,171,"Фрунзенський район, частина Комінтернівського (виборчі дільниці № 631354 – 631372), частина Орджонікідзевського (виборчі дільниці № 631533 – 631536) районів міста Харкова",173,"Ленінський, Фрунзенський райони в місті Харкові"
157037,"Центр: місто Харків, Орджонікідзевський район",77,172,"частина Московського (виборчі дільниці № 631447 – 631450, 631462 – 631466, 631493 – 631505), частина Орджонікідзевського (виборчі дільниці № 631537 – 631590, 631692, 631693) районів міста Харкова",174,Орджонікідзевський район у місті Харкові
145954,"Центр: місто Харків, Комінтернівський район",81,173,"Червонозаводський район, частина Комінтернівського району міста Харкова (виборчі дільниці № 631316 – 631343, 631345 – 631353, 631373 – 631375, 631689)",175,Комінтернівський район у місті Харкові
154538,"Центр: місто Харків, Ленінський район",94,174,"Жовтневий, Ленінський райони міста Харкова",176,"Жовтневий, Червонозаводський райони в місті Харкові"
145993,Центр: місто Дергачі,112,175,"місто Люботин, Дергачівський район, частина Харківського району (виборчі дільниці № 630810 – 630813, 630817 – 630819, 630829 – 630831, 630833 – 630836, 630840 – 630844, 630848 – 630859, 630874 – 630879, 630881)",177,"Богодухівський, Дергачівський, Золочівський, Краснокутський райони"
146422,Центр: місто Чугуїв,157,176,"місто Чугуїв, Великобурлуцький, Вовчанський, Дворічанський, Печенізький, Чугуївський райони",178,"Великобурлуцький, Вовчанський, Дворічанський, Печенізький, Чугуївський райони, місто Чугуїв"
154095,Центр: місто Куп’янськ,167,177,"міста Ізюм, Куп’янськ, Борівський, Ізюмський, Куп’янський, Шевченківський райони",179,"Борівський, Ізюмський, Куп'янський, Шевченківський райони, міста Ізюм, Куп'янськ"
142538,Центр: місто Балаклія,162,178,"місто Первомайський, Балаклійський, Барвінківський, Близнюківський, Первомайський райони",180,"Балаклійський, Барвінківський, Зміївський райони"
156907,Центр: місто Красноград,192,179,"місто Лозова, Зачепилівський, Кегичівський, Красноградський, Лозівський, Сахновщинський райони",181,"Близнюківський, Лозівський, Первомайський, Сахновщинський райони, міста Лозова, Первомайський"
142281,Центр: смт Золочів,181,180,"Богодухівський, Валківський, Золочівський, Коломацький, Краснокутський, Нововодолазький райони, частина Харківського району (виборчі дільниці № 630820 – 630822)",182,"Валківський, Зачепилівський, Кегичівський, Коломацький, Красноградський, Нововодолазький райони"
156530,Центр: місто Зміїв,108,181,"Зміївський район, частина Харківського району (виборчі дільниці № 630779 – 630809, 630823 – 630828, 630832, 630837 – 630839, 630846, 630847, 630860 – 630873, 630880, 630882, 630883)",183,"Харківський район, місто Люботин"
159847,"Центр: місто Херсон, Суворовський район",95,182,"частина Дніпровського (виборчі дільниці № 650622 – 650653, 650662 – 650670), частина Суворовського (виборчі дільниці № 650726 – 650768, 650773 – 650782) районів міста Херсона з населеними пунктами Дніпровської та Суворовської районних у місті Херсоні рад",184,"Білозерський район, Комсомольський район у місті Херсоні (з населеними пунктами Комсомольської районної в місті Херсоні ради)"
165996,"Центр: місто Херсон, Комсомольський район",108,183,"Комсомольський район, частина Дніпровського (виборчі дільниці № 650654 – 650661, 650671), частина Суворовського (виборчі дільниці № 650769 – 650772) районів міста Херсона з населеними пунктами Дніпровської, Суворовської та Комсомольської районних у місті Херсоні рад, Білозерський район.",185,"Дніпровський, Суворовський райони в місті Херсоні (з населеними пунктами Дніпровської та Суворовської районних у місті Херсоні рад)"
173146,Центр: місто Нова Каховка,191,184,"місто Нова Каховка з населеними пунктами Новокаховської міської ради, Бериславський, Великолепетиський, Великоолександрівський, Високопільський, Горностаївський, Нововоронцовський райони",185,"Дніпровський, Суворовський райони в місті Херсоні (з населеними пунктами Дніпровської та Суворовської районних у місті Херсоні рад)"
174835,Центр: місто Каховка,215,185,"місто Каховка, Верхньорогачицький, Генічеський, Іванівський, Каховський, Нижньосірогозький, Новотроїцький райони, частина Чаплинського району (виборчі дільниці № 650534 – 650538, 650544 – 650546, 650548, 650562, 650563).",188,"Великолепетиський, Верхньорогачицький, Горностаївський, Каховський, Нижньосірогозький райони, місто Каховка"
177376,Центр: місто Цюрупинськ,166,186,"місто Гола Пристань, Голопристанський, Каланчацький, Скадовський, Цюрупинський райони, частина Чаплинського району (виборчі дільниці № 650539, 650541 – 650543, 650547, 650549 – 650561)",187,"Голопристанський, Каланчацький, Скадовський, Цюрупинський райони, місто Гола Пристань"
143702,Центр: місто Хмельницький,84,187,"частина міста Хмельницького (виборчі дільниці № 681455 – 681536, 681560)",190,місто Хмельницький
147060,Центр: місто Хмельницький,188,188,"частина міста Хмельницького (виборчі дільниці № 681427 –681454, 681559), Волочиський, Хмельницький райони",190,місто Хмельницький
150565,Центр: місто Красилів,285,189,"місто Нетішин, Білогірський, Ізяславський, Красилівський, Теофіпольський райони",195,"міста Нетішин, Славута, Шепетівка, Славутський, Шепетівський райони"
151844,Центр: місто Шепетівка,220,190,"міста Славута, Шепетівка, Полонський, Славутський, Шепетівський райони",196,"місто Старокостянтинів, Красилівський, Полонський, Старокостянтинівський райони"
139062,Центр: місто Старокостянтинів,285,191,"місто Старокостянтинів, Віньковецький, Деражнянський, Летичівський, Старокостянтинівський, Старосинявський райони",193,"місто Кам'янець-Подільський, Кам'янець-Подільський, Чемеровецький райони"
151939,Центр: місто Дунаївці,270,192,"Городоцький, Дунаєвецький, Чемеровецький, Ярмолинецький райони",194,"Віньковецький, Городоцький, Дунаєвецький, Новоушицький райони"
154527,Центр: місто Кам’янець-Подільський,216,193,"місто Кам’янець-Подільський, Кам’янець-Подільський, Новоушицький райони",193,"місто Кам'янець-Подільський, Кам'янець-Подільський, Чемеровецький райони"
145829,"Центр: місто Черкаси, Придніпровський район",83,194,"Придніпровський район, частина Соснівського району міста Черкас (виборчі дільниці № 711039 – 711042, 711044, 711049, 711080 –711100)",197,"Черкаський район, Придніпровський район у місті Черкасах"
147391,"Центр: місто Черкаси, Соснівський район",160,195,"частина Соснівського району міста Черкас (виборчі дільниці № 711043, 711045 – 711048, 711050 – 711067, 711074 – 711079), Драбівський, Чигиринський, Чорнобаївський райони",198,Соснівський район у місті Черкасах
148527,Центр: місто Корсунь-Шевченківський,219,196,"Городищенський, Катеринопільський, Корсунь-Шевченківський, Шполянський райони, частина Канівського (виборчі дільниці № 710263, 710266, 710274, 710280 – 710285, 710287, 710289 –710291, 710298 – 710303), частина Лисянського (виборчі дільниці № 710403, 710404, 710411, 710412, 710420, 710421, 710433), частина Тальнівського (виборчі дільниці № 710563 – 710565, 710567, 710569 – 710579, 710582 –710585, 710587 – 710590, 710593 – 710597) районів",197,"Черкаський район, Придніпровський район у місті Черкасах"
140604,Центр: місто Канів,146,197,"міста Золотоноша, Канів, частина Соснівського району міста Черкас (виборчі дільниці № 711030 – 711038, 711068 – 711073), Золотоніський район, частина Канівського (виборчі дільниці № 710264, 710265, 710267 –710273, 710275 – 710279, 710286, 710288, 710292 – 710297, 710304 – 710309), частина Черкаського (виборчі дільниці № 710691, 710696, 710697, 710700, 710701, 710706, 710709, 710710, 710711 – 710713, 710716 – 710719, 710722 –710725, 710735, 710736) районів",200,"Драбівський, Золотоніський, Канівський, Чорнобаївський райони, міста Золотоноша, Канів"
143463,Центр: місто Сміла,136,198,"місто Сміла, Кам’янський, Смілянський райони, частина Черкаського району (виборчі дільниці № 710690, 710692 – 710695, 710698, 710699, 710702 – 710705, 710707, 710708, 710714, 710715, 710720, 710721, 710726 – 710734, 710737)",201,"місто Сміла, Кам'янський, Смілянський, Чигиринський райони"
141564,Центр: місто Жашків,187,199,"місто Ватутіне, Жашківський, Звенигородський, Маньківський райони, частина Лисянського (виборчі дільниці № 710397 – 710402, 710405 –710410, 710413 – 710419, 710422 – 710432, 710434, 710435), частина Тальнівського (виборчі дільниці № 710548 – 710562, 710568, 710580, 710586, 710591, 710592) районів",199,"Городищенський, Корсунь-Шевченківський, Лисянський, Шполянський райони"
156657,Центр: місто Умань,173,200,"місто Умань, Монастирищенський, Уманський, Христинівський райони, частина Тальнівського району (виборчі дільниці № 710566, 710581)",203,"місто Умань, Монастирищенський, Уманський, Христинівський райони"
172322,"Центр: місто Чернівці, Шевченківський район",109,201,"Першотравневий, Шевченківський райони, частина Садгірського району міста Чернівців (виборчі дільниці № 730480, 730487 –730492)",202,"місто Ватутіне, Жашківський, Звенигородський, Катеринопільський, Маньківський, Тальнівський райони"
177370,Центр: місто Сторожинець,166,202,"Вижницький, Кіцманський, Путильський райони, частина Сторожинецького району (виборчі дільниці № 730338 – 730351, 730355 –730361, 730364 – 730366, 730368 – 730375, 730378, 730381 – 730387, 730390 –730394)",205,"Сторожинецький, Вижницький, Кіцманський, Путильський райони"
175463,Центр: місто Новоселиця,131,203,"частина Садгірського району міста Чернівців (виборчі дільниці № 730481 – 730486), Герцаївський, Глибоцький, Новоселицький райони, частина Сторожинецького району (виборчі дільниці № 730352 – 730354, 730362, 730363, 730367, 730376, 730377, 730379, 730380, 730388, 730389)",204,місто Чернівці
172220,Центр: місто Хотин,155,204,"місто Новодністровськ, Заставнівський, Кельменецький, Сокирянський, Хотинський райони",207,"місто Новодністровськ, Хотинський, Заставнівський, Сокирянський, Кельменецький райони"
146944,"Центр: місто Чернігів, Деснянський район",83,205,"Деснянський район, частина Новозаводського району міста Чернігова (виборчі дільниці № 741086, 741096 – 741099)",208,"Деснянський, Новозаводський райони в місті Чернігові"
145675,Центр: місто Чернігів,175,206,"частина Новозаводського району міста Чернігова (виборчі дільниці № 741061 – 741085, 741087 – 741095, 741100 – 741108), Ріпкинський, Чернігівський райони",209,"Городнянський, Ріпкинський, Чернігівський, Щорський райони"
139239,Центр: місто Корюківка,256,207,"місто Новгород-Сіверський, Городнянський, Коропський, Корюківський, Новгород-Сіверський, Семенівський, Сосницький, Щорський райони",213,"Коропський, Корюківський, Менський, Новгород-Сіверський, Семенівський, Сосницький райони, місто Новгород-Сіверський"
140152,Центр: місто Бахмач,202,208,"Бахмацький, Борзнянський, Куликівський, Менський, Талалаївський райони, частина Ічнянського району (виборчі дільниці № 740197 – 740201, 740204, 740208, 740209, 740215, 740218, 740221, 740225, 740228, 740231, 740232, 740235, 740236, 740239, 740240)",210,"Бобровицький, Козелецький, Куликівський, Носівський райони"
141787,Центр: місто Ніжин,168,209,"місто Ніжин, Варвинський, Ніжинський, Носівський, Срібнянський райони, частина Ічнянського району (виборчі дільниці № 740202, 740203, 740205 – 740207, 740210, 740212 – 740214, 740216, 740217, 740219, 740220, 740222 – 740224, 740226, 740227, 740229, 740230, 740233, 740234, 740237, 740238)",211,"місто Ніжин, Бахмацький, Борзнянський, Ніжинський райони"
146912,Центр: місто Прилуки,219,210,"місто Прилуки, Бобровицький, Козелецький, Прилуцький райони",212,"місто Прилуки, Варвинський, Ічнянський, Прилуцький, Срібнянський, Талалаївський райони"
170574,"Центр: місто Київ, Голосіївський район",86,211,Голосіївський район міста Києва,214,Голосіївський район у місті Києві
177037,"Центр: місто Київ, Дарницький район",87,212,"частина Дарницького району міста Києва (виборчі дільниці № 800086 – 800156, 800205 – 800214, 801073, 801074, 801076 – 801078, 801082)",215,Дарницький район у місті Києві
167985,"Центр: місто Київ, Деснянський район",76,213,"частина Деснянського району міста Києва (виборчі дільниці № 800215 – 800227, 800236 – 800243, 800254 – 800270, 800273 – 800304, 801068 – 801071, 801079, 801080)",216,Деснянський район у місті Києві
162948,"Центр: місто Київ, Дніпровський район",81,214,"частина Дніпровського району міста Києва (виборчі дільниці № 800350 – 800353, 800366, 800369 – 800407, 800431 – 800434, 800438 – 800470)",217,Дніпровський район у місті Києві
166207,"Центр: місто Київ, Деснянський район",81,215,"частина Деснянського (виборчі дільниці № 800228 – 800235, 800244 – 800253, 800271, 800272, 800305 – 800341, 801072, 801081), частина Дніпровського (виборчі дільниці № 800342 – 800349, 800354 – 800365, 800367, 800368) районів міста Києва",216,Деснянський район у місті Києві
159241,"Центр: місто Київ, Дніпровський район",75,216,"частина Дарницького (виборчі дільниці № 800157 – 800204, 801075), частина Дніпровського (виборчі дільниці № 800408 – 800430, 800435 –800437) районів міста Києва",215,Дарницький район у місті Києві
167336,"Центр: місто Київ, Оболонський район",79,217,"частина Оболонського району міста Києва (виборчі дільниці № 800471 –800547, 800577, 800578)",218,Оболонський район у місті Києві
149019,"Центр: місто Київ, Святошинський район",75,218,"частина Оболонського (виборчі дільниці № 800548 – 800576, 800579 – 800582), частина Святошинського (виборчі дільниці № 800781 –800822) районів міста Києва",218,Оболонський район у місті Києві
165641,"Центр: місто Київ, Святошинський район",84,219,"частина Святошинського району міста Києва (виборчі дільниці № 800702 –800780, 800823 – 800827)",221,Святошинський район у місті Києві
145430,"Центр: місто Київ, Подільський район",72,220,Подільський район міста Києва,220,Подільський район у місті Києві
171779,"Центр: місто Київ, Печерський район",105,221,"Печерський район, частина Солом’янського (виборчі дільниці № 800828 – 800843, 800850, 800851, 800865, 800869 – 800871, 800873, 800877 – 800885, 800887 – 800891, 800950 – 800956, 800958, 801086), частина Шевченківського (виборчі дільниці № 800961 – 800964, 800966, 800967, 800975) районів міста Києва",219,Печерський район у місті Києві
171718,"Центр: місто Київ, Солом’янський район",86,222,"частина Солом’янського району міста Києва (виборчі дільниці № 800844 –800849, 800852 – 800864, 800866 – 800868, 800872, 800874 –800876, 800886, 800892 – 800949, 800957)",222,Солом'янський район у місті Києві
165791,"Центр: місто Київ, Шевченківський район",101,223,"частина Шевченківського району міста Києва (виборчі дільниці № 800965, 800968 – 800974, 800976 – 801066)",223,Шевченківський район у місті Києві
151528,"Центр: місто Севастополь, Гагарінський район",95,224,"Балаклавський район з населеними пунктами Балаклавської районної у місті Севастополі ради, Гагарінський район, частина Ленінського району міста Севастополя (виборчі дільниці № 850120 – 850122, 850131 –850135)",224,"Балаклавський, Гагарінський райони в місті Севастополі (з населеними пунктами Балаклавської районної в місті Севастополі ради)"
147119,"Центр: місто Севастополь, Ленінський район",98,225,"Нахімовський район з населеними пунктами Нахімовської районної у місті Севастополі ради, частина Ленінського району міста Севастополя (виборчі дільниці № 850088 – 850119, 850123 – 850130, 850136 – 850144)",225,"Ленінський, Нахімовський райони в місті Севастополі (з населеними пунктами Нахімовської районної в місті Севастополі ради)"